Date,p_high_vol_calibrated
2014-01-23,0.05736862037701088
2014-01-24,0.06311498995088748
2014-01-27,0.06305788476035853
2014-01-28,0.06414634835921032
2014-01-29,0.0634620275597362
2014-01-30,0.06788394580386785
2014-01-31,0.061978454880034416
2014-02-03,0.06892528351069148
2014-02-04,0.06936098316621556
2014-02-05,0.06870176748349043
2014-02-06,0.07007914171257142
2014-02-07,0.072241880894153
2014-02-10,0.05985864127451293
2014-02-11,0.06015566911439549
2014-02-12,0.05954116726159652
2014-02-13,0.05878287115946295
2014-02-14,0.05765304352753105
2014-02-18,0.05775393890828821
2014-02-19,0.05840207162987155
2014-02-20,0.05878521856160662
2014-02-21,0.05864559724810841
2014-02-24,0.058472742258109445
2014-02-25,0.05848480277764473
2014-02-26,0.056970046618906436
2014-02-27,0.056789553195195866
2014-02-28,0.0564159645192832
2014-03-03,0.05783539607179403
2014-03-04,0.060573832758183815
2014-03-05,0.0604923984012868
2014-03-06,0.06037816917916688
2014-03-07,0.060364975887885544
2014-03-10,0.05873083025335776
2014-03-11,0.05612295002560961
2014-03-12,0.05603586213043145
2014-03-13,0.05789382551662168
2014-03-14,0.05755802735112735
2014-03-17,0.060263729115616047
2014-03-18,0.06107042251360596
2014-03-19,0.06152736848738241
2014-03-20,0.05923899083719625
2014-03-21,0.059495014370574695
2014-03-24,0.05888458578586205
2014-03-25,0.05829328806635356
2014-03-26,0.05874836488976902
2014-03-27,0.057519488004939126
2014-03-28,0.058360380776386625
2014-03-31,0.059128244150971565
2014-04-01,0.05929922225916715
2014-04-02,0.05706779941164422
2014-04-03,0.05682956562169841
2014-04-04,0.06102236272082086
2014-04-07,0.06144957999790311
2014-04-08,0.0607001088305341
2014-04-09,0.06326102280642461
2014-04-10,0.06829938229455552
2014-04-11,0.06790466543922065
2014-04-14,0.06898009597950028
2014-04-15,0.06958110181268189
2014-04-16,0.06955853694233635
2014-04-17,0.06109564724804155
2014-04-21,0.057113570833664265
2014-04-22,0.05701539389672903
2014-04-23,0.058024915361338074
2014-04-24,0.05635554996834221
2014-04-25,0.05851014160709062
2014-04-28,0.0584562346970215
2014-04-29,0.058461660725103635
2014-04-30,0.05843008103144254
2014-05-01,0.05839716771561591
2014-05-02,0.05623886323131092
2014-05-05,0.056122554265097754
2014-05-06,0.05783524741176309
2014-05-07,0.05851003869065168
2014-05-08,0.05845647884252255
2014-05-09,0.0582308349646377
2014-05-12,0.059715106137888115
2014-05-13,0.057283791810184406
2014-05-14,0.058094130553250106
2014-05-15,0.059680784699425206
2014-05-16,0.05986983988255626
2014-05-19,0.058231296647421556
2014-05-20,0.058504306466351054
2014-05-21,0.060058792081564394
2014-05-22,0.05819267705161696
2014-05-23,0.058171101026927484
2014-05-27,0.05840797719903922
2014-05-28,0.056649452929257375
2014-05-29,0.05607992720260299
2014-05-30,0.05614719216973018
2014-06-02,0.05621046719090063
2014-06-03,0.05585846517194274
2014-06-04,0.055607671906888013
2014-06-05,0.05597471971300625
2014-06-06,0.056118882934083326
2014-06-09,0.0561315757903031
2014-06-10,0.055976178885933904
2014-06-11,0.056907389636810315
2014-06-12,0.05737913384623879
2014-06-13,0.05689640924447811
2014-06-16,0.056873368447974526
2014-06-17,0.05717738805781123
2014-06-18,0.05787726383996554
2014-06-19,0.055828001346475156
2014-06-20,0.055852171662940264
2014-06-23,0.05601844445338086
2014-06-24,0.0574606050857741
2014-06-25,0.05679412068576033
2014-06-26,0.056771772390136845
2014-06-27,0.05676372082126616
2014-06-30,0.056768646848465505
2014-07-01,0.056290459898695
2014-07-02,0.056146628231463346
2014-07-03,0.05608701743071512
2014-07-07,0.05693618708097719
2014-07-08,0.05813691435658669
2014-07-09,0.057681431149052075
2014-07-10,0.05790540625063913
2014-07-11,0.057187018201158735
2014-07-14,0.057750172241247136
2014-07-15,0.05681730303405526
2014-07-16,0.056700571626278694
2014-07-17,0.05915792504616495
2014-07-18,0.060980149495321476
2014-07-21,0.06071664581534384
2014-07-22,0.060914582751327204
2014-07-23,0.06076116342556118
2014-07-24,0.06719797055209263
2014-07-25,0.06583465004219216
2014-07-28,0.06564852835223045
2014-07-29,0.06534599905418637
2014-07-30,0.06478705797392631
2014-07-31,0.07307017550660434
2014-08-01,0.07317039473600491
2014-08-04,0.07629922114986469
2014-08-05,0.07706613526061681
2014-08-06,0.07706840317150362
2014-08-07,0.07001026846221395
2014-08-08,0.07423834317125298
2014-08-11,0.07310547904734452
2014-08-12,0.07008023543366049
2014-08-13,0.0706175948286799
2014-08-14,0.06779127181943312
2014-08-15,0.06595741640401347
2014-08-18,0.06711274429498507
2014-08-19,0.06582838540300946
2014-08-20,0.06577294690906389
2014-08-21,0.06580321365186564
2014-08-22,0.06631925058685229
2014-08-25,0.06527213057242216
2014-08-26,0.06500643426997187
2014-08-27,0.0651718620782713
2014-08-28,0.06481711505416111
2014-08-29,0.06459710481036002
2014-09-02,0.06363974423561107
2014-09-03,0.06358352932994929
2014-09-04,0.06374511628740302
2014-09-05,0.06456650032239251
2014-09-08,0.06463009870317618
2014-09-09,0.06601322639053851
2014-09-10,0.0667436359926027
2014-09-11,0.06669311272947867
2014-09-12,0.06657840875937181
2014-09-15,0.06659542959794354
2014-09-16,0.0673133719579983
2014-09-17,0.06702371404813615
2014-09-18,0.06761777830073172
2014-09-19,0.06583827084943877
2014-09-22,0.06866409329766957
2014-09-23,0.06778968223829884
2014-09-24,0.06996928213948155
2014-09-25,0.07386632306998113
2014-09-26,0.07724536210341806
2014-09-29,0.07645003008653715
2014-09-30,0.07599728919051105
2014-10-01,0.07596923073150906
2014-10-02,0.07214325865559758
2014-10-03,0.07414164144268269
2014-10-06,0.07413174195196968
2014-10-07,0.07874640213278579
2014-10-08,0.08341516177651068
2014-10-09,0.09436911677556238
2014-10-10,0.09030301441604771
2014-10-13,0.09148532335300853
2014-10-14,0.09180061485880267
2014-10-15,0.07433765862397841
2014-10-16,0.07244775766661897
2014-10-17,0.07871612711266625
2014-10-20,0.07313660987573822
2014-10-21,0.07940927869945892
2014-10-22,0.07963398314176853
2014-10-23,0.07782934532196324
2014-10-24,0.07759747746854771
2014-10-27,0.07948438062353791
2014-10-28,0.07468245423389343
2014-10-29,0.07140181702837299
2014-10-30,0.07006150308891983
2014-10-31,0.0712121028840758
2014-11-03,0.07047153838417397
2014-11-04,0.07051571394850903
2014-11-05,0.06985368851083813
2014-11-06,0.06940458315188669
2014-11-07,0.06663849180141984
2014-11-10,0.06639584594318997
2014-11-11,0.06475145342988681
2014-11-12,0.06444648081212721
2014-11-13,0.06391919199901967
2014-11-14,0.06394033025870971
2014-11-17,0.06330656413175369
2014-11-18,0.06485446423011591
2014-11-19,0.06492464208673086
2014-11-20,0.064862629043246
2014-11-21,0.0652708994977254
2014-11-24,0.06508563641736705
2014-11-25,0.06478642971886146
2014-11-26,0.06415857649671083
2014-11-28,0.06496797144013983
2014-12-01,0.06601577039026828
2014-12-02,0.06731786249507112
2014-12-03,0.06762790724770519
2014-12-04,0.06751276134494519
2014-12-05,0.06734627713534709
2014-12-08,0.06735964863792895
2014-12-09,0.0660308416899043
2014-12-10,0.07070873562629812
2014-12-11,0.07273158552641439
2014-12-12,0.07511376950436793
2014-12-15,0.0751583389099658
2014-12-16,0.0739176512066558
2014-12-17,0.08660505700757598
2014-12-18,0.10166283346919777
2014-12-19,0.09063895304676903
2014-12-22,0.08527167965910024
2014-12-23,0.07867183389099165
2014-12-24,0.07772638976923539
2014-12-26,0.06477955582546623
2014-12-29,0.06461569004143217
2014-12-30,0.06630237182435755
2014-12-31,0.06921202996536904
2015-01-02,0.06911835133170723
2015-01-05,0.07335096601437067
2015-01-06,0.07104867858457277
2015-01-07,0.08173407268892845
2015-01-08,0.09120349764943828
2015-01-09,0.09255688297105874
2015-01-12,0.08563829989719018
2015-01-13,0.08267402861820031
2015-01-14,0.07992112584095908
2015-01-15,0.06554380145466115
2015-01-16,0.07575979254334238
2015-01-20,0.07456816031442788
2015-01-21,0.0749606671318936
2015-01-22,0.07663793485538997
2015-01-23,0.0960001810352813
2015-01-26,0.09551739996920881
2015-01-27,0.09725787439520668
2015-01-28,0.09792280660445914
2015-01-29,0.09680815586760826
2015-01-30,0.09723303979541902
2015-02-02,0.0987439129862615
2015-02-03,0.09912974928002526
2015-02-04,0.09787981192962043
2015-02-05,0.09792999247276711
2015-02-06,0.09619759569946532
2015-02-09,0.09629542619195608
2015-02-10,0.09571298878905204
2015-02-11,0.0954259661771696
2015-02-12,0.09537005685835907
2015-02-13,0.09501924499488194
2015-02-17,0.09425070776821216
2015-02-18,0.09396231171124785
2015-02-19,0.09406508606098349
2015-02-20,0.09349699712792604
2015-02-23,0.09346062639574232
2015-02-24,0.09349247697377462
2015-02-25,0.09351699887441232
2015-02-26,0.09351142213729811
2015-02-27,0.09320615981818112
2015-03-02,0.09376573324179491
2015-03-03,0.09387049425972568
2015-03-04,0.09395449392877075
2015-03-05,0.09399821601194941
2015-03-06,0.09534510590630058
2015-03-09,0.09505626973450998
2015-03-10,0.09614206596375337
2015-03-11,0.09616526160134137
2015-03-12,0.0978737351166985
2015-03-13,0.097103828727522
2015-03-16,0.09820905734918037
2015-03-17,0.09635318806274999
2015-03-18,0.09648836819811894
2015-03-19,0.09649246226670803
2015-03-20,0.09597600138742536
2015-03-23,0.09553456261200619
2015-03-24,0.09579643589727478
2015-03-25,0.09599543842916712
2015-03-26,0.0959925749792588
2015-03-27,0.09500385139158446
2015-03-30,0.09678704334875728
2015-03-31,0.09701686877091673
2015-04-01,0.0957594533696605
2015-04-02,0.09576650457875886
2015-04-06,0.09593481738703945
2015-04-07,0.09490475578511456
2015-04-08,0.09411492625482258
2015-04-09,0.09373420558223752
2015-04-10,0.09377867784131559
2015-04-13,0.09412321757985587
2015-04-14,0.09386640911465081
2015-04-15,0.09391397437074513
2015-04-16,0.09386301346656747
2015-04-17,0.09484571714001272
2015-04-20,0.09550578742598388
2015-04-21,0.09550891531607766
2015-04-22,0.09553545582111658
2015-04-23,0.09548584412774778
2015-04-24,0.09375003349070479
2015-04-27,0.09365868592398628
2015-04-28,0.09358802803163399
2015-04-29,0.093677547039165
2015-04-30,0.09438725640623949
2015-05-01,0.09559663446026749
2015-05-04,0.09553350307002768
2015-05-05,0.0962524391824338
2015-05-06,0.09625560064382475
2015-05-07,0.09585500646553792
2015-05-08,0.09627106527613051
2015-05-11,0.09638514529714187
2015-05-12,0.09547854870263249
2015-05-13,0.0952369405688587
2015-05-14,0.09573134948114456
2015-05-15,0.09466977002493447
2015-05-18,0.09428103926203081
2015-05-19,0.09402952268936624
2015-05-20,0.09408831300034189
2015-05-21,0.09301239498976234
2015-05-22,0.09324512749548955
2015-05-26,0.094348118773861
2015-05-27,0.09539108731309609
2015-05-28,0.09539029943143205
2015-05-29,0.09542473036133513
2015-06-01,0.09550145368729361
2015-06-02,0.09459443662107954
2015-06-03,0.09363313794141896
2015-06-04,0.09422716466238133
2015-06-05,0.094005650359988
2015-06-08,0.09395435446008762
2015-06-09,0.09399279160581399
2015-06-10,0.09554560610897009
2015-06-11,0.09501918782710111
2015-06-12,0.09551736949981116
2015-06-15,0.09536129563956026
2015-06-16,0.0954947791118094
2015-06-17,0.09442983199179501
2015-06-18,0.09526799747106726
2015-06-19,0.09487030540979205
2015-06-22,0.09448320511563112
2015-06-23,0.09445732513965574
2015-06-24,0.09516418888186377
2015-06-25,0.09415842006797653
2015-06-26,0.09405956002972873
2015-06-29,0.09610399763615261
2015-06-30,0.096251330913364
2015-07-01,0.09722380468315249
2015-07-02,0.09722162256181682
2015-07-06,0.09718481971699605
2015-07-07,0.09416959862056604
2015-07-08,0.09668831814786742
2015-07-09,0.09606305058601784
2015-07-10,0.09736862257608585
2015-07-13,0.09781765986360566
2015-07-14,0.09775559839741159
2015-07-15,0.09468928949047689
2015-07-16,0.09450062452435425
2015-07-17,0.09429181944301981
2015-07-20,0.0937526253708885
2015-07-21,0.09410794653018015
2015-07-22,0.09417490274802039
2015-07-23,0.09348424469073487
2015-07-24,0.1390954670061639
2015-07-27,0.13886175729964292
2015-07-28,0.14030547159158677
2015-07-29,0.14059231918650567
2015-07-30,0.14045491733921395
2015-07-31,0.13986594013031645
2015-08-03,0.139687433062411
2015-08-04,0.1390386502566779
2015-08-05,0.13865381347210282
2015-08-06,0.1390362445180704
2015-08-07,0.13901454663261859
2015-08-10,0.13999062302737797
2015-08-11,0.14034183303428122
2015-08-12,0.1402874313045781
2015-08-13,0.14001214419273517
2015-08-14,0.14001372311609614
2015-08-17,0.13942467761575025
2015-08-18,0.1388682341143259
2015-08-19,0.1393506508997259
2015-08-20,0.14091441039184255
2015-08-21,0.14226120617696975
2015-08-24,0.14310613197698935
2015-08-25,0.14226157734413683
2015-08-26,0.15114359073891923
2015-08-27,0.15381158132676884
2015-08-28,0.15160496432305715
2015-08-31,0.14595866503578134
2015-09-01,0.14881827585760804
2015-09-02,0.14608518583442934
2015-09-03,0.14409329525805245
2015-09-04,0.14432677939051206
2015-09-08,0.14669186107883417
2015-09-09,0.14444634342336454
2015-09-10,0.14357832387945485
2015-09-11,0.14362337630307742
2015-09-14,0.14272599451505447
2015-09-15,0.14119043503577222
2015-09-16,0.140000135432824
2015-09-17,0.140266649895184
2015-09-18,0.14168052989952548
2015-09-21,0.14163672260392643
2015-09-22,0.14138362219369846
2015-09-23,0.14069027926733668
2015-09-24,0.14056410374901562
2015-09-25,0.1398978299899667
2015-09-28,0.14109002568886828
2015-09-29,0.1412097972057599
2015-09-30,0.1429088239285015
2015-10-01,0.14290445585052644
2015-10-02,0.14354113420224113
2015-10-05,0.1404840615726896
2015-10-06,0.14083693934900443
2015-10-07,0.1404446183889367
2015-10-08,0.14028655646104196
2015-10-09,0.14029928305186656
2015-10-12,0.1394935129433296
2015-10-13,0.13974220596702927
2015-10-14,0.13966618686531465
2015-10-15,0.1404071915999141
2015-10-16,0.14041452835869103
2015-10-19,0.1404183744026459
2015-10-20,0.14012061962076736
2015-10-21,0.14023248802676752
2015-10-22,0.14042996130082433
2015-10-23,0.14066175608964643
2015-10-26,0.14069113000637132
2015-10-27,0.14072087488584953
2015-10-28,0.140324390774659
2015-10-29,0.1398565623196101
2015-10-30,0.13963266816397582
2015-11-02,0.14001943899160502
2015-11-03,0.13986392704705017
2015-11-04,0.13966604236471372
2015-11-05,0.13967164499952536
2015-11-06,0.13950477360751526
2015-11-09,0.1391687225976612
2015-11-10,0.1391208796661955
2015-11-11,0.13913345319782133
2015-11-12,0.13970655027386236
2015-11-13,0.13968786883227133
2015-11-16,0.14129403934635185
2015-11-17,0.14121908005603565
2015-11-18,0.1421759475568839
2015-11-19,0.14127569479163743
2015-11-20,0.14022169315328706
2015-11-23,0.1399134834404156
2015-11-24,0.1398468072904943
2015-11-25,0.13855769406029583
2015-11-27,0.138520147523757
2015-11-30,0.13861702716576832
2015-12-01,0.13927956146099063
2015-12-02,0.13990062237377182
2015-12-03,0.14052394154387754
2015-12-04,0.14215970048497154
2015-12-07,0.1422267742189079
2015-12-08,0.1418689992653924
2015-12-09,0.14178015364079236
2015-12-10,0.14127243514255022
2015-12-11,0.14014716571730604
2015-12-14,0.14069738627113484
2015-12-15,0.1413880677923542
2015-12-16,0.14187686023237006
2015-12-17,0.14271063399326042
2015-12-18,0.14256592364378537
2015-12-21,0.14271416497717357
2015-12-22,0.1426371799737797
2015-12-23,0.14245376244716068
2015-12-24,0.14161633664513437
2015-12-28,0.13987042386018678
2015-12-29,0.1399798784006062
2015-12-30,0.14043315196339784
2015-12-31,0.1402268591483901
2016-01-04,0.1407100082756441
2016-01-05,0.14079473453514418
2016-01-06,0.1397205196134808
2016-01-07,0.14062682809874322
2016-01-08,0.14061899577550996
2016-01-11,0.14109514415331245
2016-01-12,0.14169431478152178
2016-01-13,0.14255376959487048
2016-01-14,0.14317409782340848
2016-01-15,0.14400515917241055
2016-01-19,0.1440063257995915
2016-01-20,0.14351269224295943
2016-01-21,0.14266314539734465
2016-01-22,0.14322894593796756
2016-01-25,0.3329934144091485
2016-01-26,0.3416226941846785
2016-01-27,0.33864227722542495
2016-01-28,0.3384749355669224
2016-01-29,0.3467956316259387
2016-02-01,0.32641008279550604
2016-02-02,0.3452215639176913
2016-02-03,0.3376691836379942
2016-02-04,0.33749746266458
2016-02-05,0.31618407862494796
2016-02-08,0.31562133670552733
2016-02-09,0.3107140339922548
2016-02-10,0.30329977319459894
2016-02-11,0.2988336517402872
2016-02-12,0.32879130404482004
2016-02-16,0.32874584701366455
2016-02-17,0.3321816395734674
2016-02-18,0.3357126918446824
2016-02-19,0.3135763357777945
2016-02-22,0.30703412127423524
2016-02-23,0.3199089167081486
2016-02-24,0.30692227096817154
2016-02-25,0.31107360412073404
2016-02-26,0.3121780633276084
2016-02-29,0.3053670388788767
2016-03-01,0.31928899906004593
2016-03-02,0.31913957319307207
2016-03-03,0.3163496262412052
2016-03-04,0.313344834749232
2016-03-07,0.3021148600232199
2016-03-08,0.28886744797925973
2016-03-09,0.28919425448695935
2016-03-10,0.2879674584199799
2016-03-11,0.3045185592409267
2016-03-14,0.3051183662603439
2016-03-15,0.2928749833003494
2016-03-16,0.29301142004874103
2016-03-17,0.2921680206082151
2016-03-18,0.27769552040163753
2016-03-21,0.2755667660562161
2016-03-22,0.2739753065122389
2016-03-23,0.28193633013478997
2016-03-24,0.2776840448941543
2016-03-28,0.27490985184464756
2016-03-29,0.2850210856542075
2016-03-30,0.28602966667296015
2016-03-31,0.2805051065892322
2016-04-01,0.2808074352167324
2016-04-04,0.2845532603243619
2016-04-05,0.2894780691025965
2016-04-06,0.29789934637924065
2016-04-07,0.3067639591883845
2016-04-08,0.3029611707070427
2016-04-11,0.30324019900581456
2016-04-12,0.3027388270764324
2016-04-13,0.3015869182247062
2016-04-14,0.28443286649823435
2016-04-15,0.28646343700407323
2016-04-18,0.283176852249329
2016-04-19,0.2808627733548536
2016-04-20,0.27487161800470594
2016-04-21,0.2805698041644173
2016-04-22,0.2801724483967165
2016-04-25,0.27483752114833515
2016-04-26,0.2731671842913072
2016-04-27,0.2740043634205816
2016-04-28,0.2800295504095914
2016-04-29,0.28088680246520514
2016-05-02,0.28959019990867746
2016-05-03,0.2930012138991021
2016-05-04,0.290989043234132
2016-05-05,0.2890314979165771
2016-05-06,0.29000566202074
2016-05-09,0.28223678129488056
2016-05-10,0.289332408780048
2016-05-11,0.29524297399038735
2016-05-12,0.29512792063230386
2016-05-13,0.30044904642755205
2016-05-16,0.3072292855664441
2016-05-17,0.29834055954472233
2016-05-18,0.29531714129980124
2016-05-19,0.29514646019085367
2016-05-20,0.29408395725901654
2016-05-23,0.28506436328793866
2016-05-24,0.28947942330563065
2016-05-25,0.28941432281468654
2016-05-26,0.2852109602570137
2016-05-27,0.2850097107776744
2016-05-31,0.2856389653959284
2016-06-01,0.2755705465886846
2016-06-02,0.2719339610939811
2016-06-03,0.2747615111601997
2016-06-06,0.2756222674144378
2016-06-07,0.27398675804311956
2016-06-08,0.2742200450510235
2016-06-09,0.2751408896044985
2016-06-10,0.28518515674042316
2016-06-13,0.2848055807947079
2016-06-14,0.28276855821405994
2016-06-15,0.2775552808880893
2016-06-16,0.28243669660052134
2016-06-17,0.27745287815909403
2016-06-20,0.2785809757882143
2016-06-21,0.2779579794546637
2016-06-22,0.27826128081479795
2016-06-23,0.2898939591945321
2016-06-24,0.366073910525132
2016-06-27,0.3664591661271947
2016-06-28,0.3917013505671194
2016-06-29,0.41060817766762536
2016-06-30,0.4113355904188676
2016-07-01,0.3363821833217738
2016-07-05,0.31128404660574777
2016-07-06,0.3043077241822015
2016-07-07,0.29518449124233276
2016-07-08,0.2974046473536417
2016-07-11,0.29727505461354536
2016-07-12,0.2861658843342814
2016-07-13,0.2890681084069996
2016-07-14,0.28560150877134244
2016-07-15,0.27799775054746373
2016-07-18,0.27793006117563757
2016-07-19,0.2752630814491905
2016-07-20,0.2758233135400636
2016-07-21,0.27631727433068076
2016-07-22,0.27759925735424973
2016-07-25,0.2721688707169106
2016-07-26,0.27164342221412496
2016-07-27,0.268339590207309
2016-07-28,0.26536877136369513
2016-07-29,0.26057767998430803
2016-08-01,0.25771117315265596
2016-08-02,0.2679429747774509
2016-08-03,0.2705744046573678
2016-08-04,0.2705216758088451
2016-08-05,0.2803489966813768
2016-08-08,0.2802278867781493
2016-08-09,0.2692359970405943
2016-08-10,0.2726423447356062
2016-08-11,0.2740555787424141
2016-08-12,0.2650802589551718
2016-08-15,0.265973430717672
2016-08-16,0.2722040567329772
2016-08-17,0.2713339764814177
2016-08-18,0.2685002515968061
2016-08-19,0.2688053411991533
2016-08-22,0.2667530378259074
2016-08-23,0.25966816651723734
2016-08-24,0.2668392796994824
2016-08-25,0.26470093740084333
2016-08-26,0.26482271281091835
2016-08-29,0.27133468614642475
2016-08-30,0.27032455286193036
2016-08-31,0.26724150010631603
2016-09-01,0.267251622640981
2016-09-02,0.26972331434832164
2016-09-06,0.2672470691318447
2016-09-07,0.2660998574054756
2016-09-08,0.2651553786887489
2016-09-09,0.32922433817226404
2016-09-12,0.3527996654941112
2016-09-13,0.359991767768723
2016-09-14,0.3597096840846398
2016-09-15,0.3778428450289004
2016-09-16,0.3279720285789232
2016-09-19,0.3053312110655281
2016-09-20,0.2800578761460677
2016-09-21,0.29004464988673007
2016-09-22,0.28511781174709677
2016-09-23,0.28831758761585285
2016-09-26,0.29984006998735496
2016-09-27,0.30229741980501157
2016-09-28,0.2921815375393165
2016-09-29,0.2945735225739065
2016-09-30,0.30091019357478893
2016-10-03,0.2924377705686877
2016-10-04,0.29177513757573004
2016-10-05,0.29101998953270175
2016-10-06,0.2795445094516655
2016-10-07,0.271479776973943
2016-10-10,0.27622640521644193
2016-10-11,0.2939176356172899
2016-10-12,0.2905349458111963
2016-10-13,0.28958939712696774
2016-10-14,0.29030451243523664
2016-10-17,0.28205003297375997
2016-10-18,0.2726247762462462
2016-10-19,0.273335890036451
2016-10-20,0.2716498626159878
2016-10-21,0.27164389070587375
2016-10-24,0.2679438723992172
2016-10-25,0.2676780613521968
2016-10-26,0.2669114746576072
2016-10-27,0.2674711534829132
2016-10-28,0.2677898426346335
2016-10-31,0.2584292336950454
2016-11-01,0.26510561943468636
2016-11-02,0.2663397742873937
2016-11-03,0.2660429751239912
2016-11-04,0.2676567059037863
2016-11-07,0.3351961289868013
2016-11-08,0.3276543992015698
2016-11-09,0.3197609139898385
2016-11-10,0.3075678968318803
2016-11-11,0.3100308640883416
2016-11-14,0.2776255045934804
2016-11-15,0.2802833367142105
2016-11-16,0.27326877388799614
2016-11-17,0.27526092149387726
2016-11-18,0.27517119271952806
2016-11-21,0.2786159160619828
2016-11-22,0.27443442135124496
2016-11-23,0.2718158921940459
2016-11-25,0.2707363714455385
2016-11-28,0.2756002551022029
2016-11-29,0.26830358347598865
2016-11-30,0.2691535857461624
2016-12-01,0.270763660812295
2016-12-02,0.2660326913047699
2016-12-05,0.27161312225511786
2016-12-06,0.27226367686416064
2016-12-07,0.286782879629119
2016-12-08,0.27787584380113944
2016-12-09,0.27365649652378565
2016-12-12,0.2804947769845441
2016-12-13,0.28035417456665807
2016-12-14,0.2856816255774059
2016-12-15,0.28655814249095235
2016-12-16,0.2835913580110876
2016-12-19,0.28385412227778095
2016-12-20,0.2797652312163795
2016-12-21,0.26829623226372756
2016-12-22,0.26651163298699004
2016-12-23,0.2657036572826147
2016-12-27,0.265928063963061
2016-12-28,0.27391525324560795
2016-12-29,0.2739149372381129
2016-12-30,0.2747360448167268
2017-01-03,0.28514252482305297
2017-01-04,0.2890852998669142
2017-01-05,0.27729078606440394
2017-01-06,0.27660398902010375
2017-01-09,0.27591743490535364
2017-01-10,0.2705705119223911
2017-01-11,0.2657919898002502
2017-01-12,0.2672925347998365
2017-01-13,0.26550879538296585
2017-01-17,0.2658543096308614
2017-01-18,0.2669331375141538
2017-01-19,0.267075479985642
2017-01-20,0.26968400508761364
2017-01-23,0.2693980172438222
2017-01-24,0.07757158633074483
2017-01-25,0.08123080431909471
2017-01-26,0.0791784948946117
2017-01-27,0.08023487970871797
2017-01-30,0.08339357629519344
2017-01-31,0.08101205369470071
2017-02-01,0.07321773372846652
2017-02-02,0.07369779866963813
2017-02-03,0.07861548651798807
2017-02-06,0.07494580968195225
2017-02-07,0.07489736501036441
2017-02-08,0.07481095510338136
2017-02-09,0.07617464384034468
2017-02-10,0.07433857537754224
2017-02-13,0.07310515571500287
2017-02-14,0.07127264090642303
2017-02-15,0.06931245343824957
2017-02-16,0.07302835201799393
2017-02-17,0.07333027446297735
2017-02-21,0.0736204589573372
2017-02-22,0.07477024471627981
2017-02-23,0.07357368187561247
2017-02-24,0.07293808439509884
2017-02-27,0.07292516686487001
2017-02-28,0.07105788474401147
2017-03-01,0.08422078254663092
2017-03-02,0.08892819022032285
2017-03-03,0.08897283538851859
2017-03-06,0.08993705016297332
2017-03-07,0.09007350693914365
2017-03-08,0.07297734780505914
2017-03-09,0.07183670610811614
2017-03-10,0.07392375968576241
2017-03-13,0.07314804617707114
2017-03-14,0.0738071258730421
2017-03-15,0.07853832104391073
2017-03-16,0.07957019352771129
2017-03-17,0.07955293197023296
2017-03-20,0.07966834175671168
2017-03-21,0.08900616616795237
2017-03-22,0.08233251672362585
2017-03-23,0.08251903827582437
2017-03-24,0.08274111399214826
2017-03-27,0.08275335072479767
2017-03-28,0.07599672925099449
2017-03-29,0.07570675739919211
2017-03-30,0.07532556085958089
2017-03-31,0.07631154887269331
2017-04-03,0.07667708375454052
2017-04-04,0.07231050268086976
2017-04-05,0.07306892624090287
2017-04-06,0.07273862319391175
2017-04-07,0.07236223718466844
2017-04-10,0.07214399799608537
2017-04-11,0.07218484114055734
2017-04-12,0.0732349437310506
2017-04-13,0.07383952383626455
2017-04-17,0.08277183951534801
2017-04-18,0.08293619766755836
2017-04-19,0.08273034434556728
2017-04-20,0.08617504109887142
2017-04-21,0.08340696840126992
2017-04-24,0.0858370616307351
2017-04-25,0.08386550013561776
2017-04-26,0.08292392655393349
2017-04-27,0.08190062301467747
2017-04-28,0.08108994911244914
2017-05-01,0.07446384591928144
2017-05-02,0.07123893830972744
2017-05-03,0.07143699519345204
2017-05-04,0.0715197426313516
2017-05-05,0.07176549173006262
2017-05-08,0.07169495114162842
2017-05-09,0.0720553971001991
2017-05-10,0.07155123528596033
2017-05-11,0.07266714488455515
2017-05-12,0.07067614372719616
2017-05-15,0.07456059349395641
2017-05-16,0.07454466098787826
2017-05-17,0.09312528247808506
2017-05-18,0.09582642914913735
2017-05-19,0.0995121473034112
2017-05-22,0.09906364810949132
2017-05-23,0.09936747525024102
2017-05-24,0.07148956754892898
2017-05-25,0.07157166346860987
2017-05-26,0.07226866752352834
2017-05-30,0.07249172162796824
2017-05-31,0.07276082046366485
2017-06-01,0.07676844618728842
2017-06-02,0.07626963595185696
2017-06-05,0.07649782030344021
2017-06-06,0.07799849775865472
2017-06-07,0.07770462271328828
2017-06-08,0.07311052984537485
2017-06-09,0.07175016875381075
2017-06-12,0.07176210663708153
2017-06-13,0.07297128942878367
2017-06-14,0.07334975905931106
2017-06-15,0.07353379997901707
2017-06-16,0.0732102585487066
2017-06-19,0.07780486718248912
2017-06-20,0.08109824067923843
2017-06-21,0.08101191140801214
2017-06-22,0.08074049262408702
2017-06-23,0.08076773690728477
2017-06-26,0.07462187573551948
2017-06-27,0.07623164365634838
2017-06-28,0.08313446428655824
2017-06-29,0.08785723348272625
2017-06-30,0.08807329315945274
2017-07-03,0.08836132804057174
2017-07-05,0.08422975770867201
2017-07-06,0.0830695625116118
2017-07-07,0.08254589436704067
2017-07-10,0.08244307112020381
2017-07-11,0.08236187886901461
2017-07-12,0.08554421560771319
2017-07-13,0.07593854093169138
2017-07-14,0.07504573169157493
2017-07-17,0.07557404343822358
2017-07-18,0.07480932836999767
2017-07-19,0.07300623109982066
2017-07-20,0.07337406092027096
2017-07-21,0.07303499370199698
2017-07-24,0.07307234280564699
2017-07-25,0.03422600653458836
2017-07-26,0.03376433853002369
2017-07-27,0.03379931845889832
2017-07-28,0.03380832422586511
2017-07-31,0.03381612389217919
2017-08-01,0.03378731019477951
2017-08-02,0.033795245238937184
2017-08-03,0.033859614288368554
2017-08-04,0.033889165560884484
2017-08-07,0.03388896279054687
2017-08-08,0.03400742421161051
2017-08-09,0.03399281715160127
2017-08-10,0.03595398600891148
2017-08-11,0.03592466413312966
2017-08-14,0.036969301374495195
2017-08-15,0.03695196508485725
2017-08-16,0.03698303907512788
2017-08-17,0.03733411381877292
2017-08-18,0.03729902573781251
2017-08-21,0.03622460622886985
2017-08-22,0.037419129643413825
2017-08-23,0.03738491080347916
2017-08-24,0.03551797237122107
2017-08-25,0.03545919356310929
2017-08-28,0.03547495719019843
2017-08-29,0.034205398868942256
2017-08-30,0.03427455034848537
2017-08-31,0.03422334331631773
2017-09-01,0.03425316674854037
2017-09-05,0.035301321725907185
2017-09-06,0.03534172163760444
2017-09-07,0.035225601105278885
2017-09-08,0.03479895378622324
2017-09-11,0.03594013718236784
2017-09-12,0.03506568985503323
2017-09-13,0.035131382801828884
2017-09-14,0.03514395699361527
2017-09-15,0.034957241278998054
2017-09-18,0.033819273017630366
2017-09-19,0.03364796280056333
2017-09-20,0.0336452789732547
2017-09-21,0.03395413331124069
2017-09-22,0.0339276905886635
2017-09-25,0.03387450005270531
2017-09-26,0.033842494198266744
2017-09-27,0.034220893898615025
2017-09-28,0.03405277049691125
2017-09-29,0.034149733553858634
2017-10-02,0.03389617466475953
2017-10-03,0.033757019706627055
2017-10-04,0.0337911391091187
2017-10-05,0.03394558500316786
2017-10-06,0.034267357627552224
2017-10-09,0.03436248907259505
2017-10-10,0.034378234454570895
2017-10-11,0.03437756084310484
2017-10-12,0.0339785469263874
2017-10-13,0.033959253707855803
2017-10-16,0.03382272047627956
2017-10-17,0.03372767230734485
2017-10-18,0.03370037654549532
2017-10-19,0.033459694884365926
2017-10-20,0.03397766757760445
2017-10-23,0.034432750374485635
2017-10-24,0.03444766241764063
2017-10-25,0.03481006519006263
2017-10-26,0.03483530355717759
2017-10-27,0.03528142704063006
2017-10-30,0.03526841737493535
2017-10-31,0.03526337156582685
2017-11-01,0.03485255395527822
2017-11-02,0.03486612045661394
2017-11-03,0.03422460511153773
2017-11-06,0.03367901222293585
2017-11-07,0.03382207612234161
2017-11-08,0.03382837952994168
2017-11-09,0.0342493362605973
2017-11-10,0.034054624327355704
2017-11-13,0.0340134090199225
2017-11-14,0.034078627153805184
2017-11-15,0.03414882439043974
2017-11-16,0.03521967347925102
2017-11-17,0.03531360131491481
2017-11-20,0.0353342859166016
2017-11-21,0.035558645077476816
2017-11-22,0.03511847074329188
2017-11-24,0.03459953904617552
2017-11-27,0.03435513052352725
2017-11-28,0.03507630315756656
2017-11-29,0.03505093015760757
2017-11-30,0.035243406886607445
2017-12-01,0.035554577623765744
2017-12-04,0.03560905490596378
2017-12-05,0.035146397943005364
2017-12-06,0.03513663705276928
2017-12-07,0.034219856035602556
2017-12-08,0.03460413565301888
2017-12-11,0.03456649630301044
2017-12-12,0.03399681241945999
2017-12-13,0.03403111640681567
2017-12-14,0.034607367391643655
2017-12-15,0.034996139387420425
2017-12-18,0.035186450919129184
2017-12-19,0.03552883042357615
2017-12-20,0.035539794844842744
2017-12-21,0.03517479028247512
2017-12-22,0.0346801396825849
2017-12-26,0.034058249687935055
2017-12-27,0.033749025498854335
2017-12-28,0.033812910490207834
2017-12-29,0.03406240962220968
2018-01-02,0.034801102640481446
2018-01-03,0.034960521393159735
2018-01-04,0.03491638161948157
2018-01-05,0.0349945324188491
2018-01-08,0.034084745744193214
2018-01-09,0.03409100628880539
2018-01-10,0.034388337606328305
2018-01-11,0.034637766538924426
2018-01-12,0.03462635571690469
2018-01-16,0.0350812658862525
2018-01-17,0.03553099774065373
2018-01-18,0.03554639341961754
2018-01-19,0.03540290276666261
2018-01-22,0.03553621373406653
2018-01-23,0.03499323594451224
2018-01-24,0.039915429333334494
2018-01-25,0.039699457859163456
2018-01-26,0.04053805885068584
2018-01-29,0.041251638790820555
2018-01-30,0.04228956429005693
2018-01-31,0.04230360443144434
2018-02-01,0.042283449876664644
2018-02-02,0.04269692295432556
2018-02-05,0.04955203166594522
2018-02-06,0.05512403233046145
2018-02-07,0.0547219160888972
2018-02-08,0.056707711571151405
2018-02-09,0.05962743626474794
2018-02-12,0.05547031214882752
2018-02-13,0.05348879073281418
2018-02-14,0.05433829661461191
2018-02-15,0.04087936472224264
2018-02-16,0.0417345783005882
2018-02-20,0.042741934735711085
2018-02-21,0.04342666441329948
2018-02-22,0.04216163021704124
2018-02-23,0.04299321628316575
2018-02-26,0.043712304471315654
2018-02-27,0.04499016167524198
2018-02-28,0.04574445248475614
2018-03-01,0.047235138061102674
2018-03-02,0.045026565214786866
2018-03-05,0.044996395142962914
2018-03-06,0.04428684818101134
2018-03-07,0.04341412086136119
2018-03-08,0.04037218180458323
2018-03-09,0.041759683856352196
2018-03-12,0.041942872334907864
2018-03-13,0.0428866877285851
2018-03-14,0.04331552916916663
2018-03-15,0.04324126200228017
2018-03-16,0.03967326700082376
2018-03-19,0.04088445424998726
2018-03-20,0.041213781489039425
2018-03-21,0.04118033545742995
2018-03-22,0.04462604366181391
2018-03-23,0.04475314807511517
2018-03-26,0.052771020423533925
2018-03-27,0.05317772474214299
2018-03-28,0.0531129320341105
2018-03-29,0.0522417060138527
2018-04-02,0.0523437280954967
2018-04-03,0.04844622916747352
2018-04-04,0.047415775235408825
2018-04-05,0.047274991005140855
2018-04-06,0.050009572407080746
2018-04-09,0.0469530399313213
2018-04-10,0.04747533261972538
2018-04-11,0.047272594542883795
2018-04-12,0.047317066803971616
2018-04-13,0.04274744082663418
2018-04-16,0.042878559838112125
2018-04-17,0.041980420578006904
2018-04-18,0.04112792297079327
2018-04-19,0.04181003403519435
2018-04-20,0.04257772382367194
2018-04-23,0.0419381307330609
2018-04-24,0.04109762799264954
2018-04-25,0.04133661761613371
2018-04-26,0.04308238229209428
2018-04-27,0.04259335365750102
2018-04-30,0.04298178577641444
2018-05-01,0.041258477869072996
2018-05-02,0.04177162342278081
2018-05-03,0.04021979165236435
2018-05-04,0.042378276385887904
2018-05-07,0.04177105547079313
2018-05-08,0.04177285928802184
2018-05-09,0.041230042006446754
2018-05-10,0.040625927376026036
2018-05-11,0.04013972397028421
2018-05-14,0.040356406391975234
2018-05-15,0.041475966105395265
2018-05-16,0.04097509421825977
2018-05-17,0.04017411642906996
2018-05-18,0.04003908668498654
2018-05-21,0.04082030976672853
2018-05-22,0.04024489769050182
2018-05-23,0.040148279602567796
2018-05-24,0.04021024005323469
2018-05-25,0.04020232020142603
2018-05-29,0.04054717435473845
2018-05-30,0.042771337489048725
2018-05-31,0.042899552344818896
2018-06-01,0.04379510434133411
2018-06-04,0.043760117376249796
2018-06-05,0.0418994948023048
2018-06-06,0.041220711231842795
2018-06-07,0.04019948536076825
2018-06-08,0.03972192994696524
2018-06-11,0.03971653756562546
2018-06-12,0.03968526480578312
2018-06-13,0.03926209626123107
2018-06-14,0.039315654193088405
2018-06-15,0.03926514188441706
2018-06-18,0.03928803487362146
2018-06-19,0.03933173934489967
2018-06-20,0.03939609204207147
2018-06-21,0.03953418447453742
2018-06-22,0.039771840670241705
2018-06-25,0.04120723459238758
2018-06-26,0.04151668232871603
2018-06-27,0.04139448490450964
2018-06-28,0.04217125177417876
2018-06-29,0.04212791312432546
2018-07-02,0.04056886932612433
2018-07-03,0.040668092033639476
2018-07-05,0.0401807518013072
2018-07-06,0.04047052267506704
2018-07-09,0.0406833786689648
2018-07-10,0.04061202978679285
2018-07-11,0.041454978165196825
2018-07-12,0.04153939014693998
2018-07-13,0.0414104167636939
2018-07-16,0.04098871035691302
2018-07-17,0.04101597981983693
2018-07-18,0.03992155866695577
2018-07-19,0.039548260991862386
2018-07-20,0.039573439187887416
2018-07-23,0.03958681310851794
2018-07-24,0.03968877993261449
2018-07-25,0.14620571350315217
2018-07-26,0.14320124419950903
2018-07-27,0.1552584510760592
2018-07-30,0.16072299124501016
2018-07-31,0.1605517610543352
2018-08-01,0.1435977559775678
2018-08-02,0.15223489021117068
2018-08-03,0.14528502665502022
2018-08-06,0.1328774247440919
2018-08-07,0.1320729230819977
2018-08-08,0.12897665943473718
2018-08-09,0.13102051413761445
2018-08-10,0.14130128041052223
2018-08-13,0.1381614290296143
2018-08-14,0.14606487085419723
2018-08-15,0.15149669843242064
2018-08-16,0.16772463367642917
2018-08-17,0.16112822877936547
2018-08-20,0.15557247537676447
2018-08-21,0.15238175836927292
2018-08-22,0.13464185306510756
2018-08-23,0.12834028353879884
2018-08-24,0.13297317912613793
2018-08-27,0.14013231223301673
2018-08-28,0.1411024927891438
2018-08-29,0.13935717651229185
2018-08-30,0.14603294774181433
2018-08-31,0.14492601342254835
2018-09-04,0.1365386276351443
2018-09-05,0.1377007014036825
2018-09-06,0.12554703031967815
2018-09-07,0.12379572940794228
2018-09-10,0.12730523181999281
2018-09-11,0.13262458595512908
2018-09-12,0.13102000588935134
2018-09-13,0.13329792367791515
2018-09-14,0.1298609315844288
2018-09-17,0.1411646085680421
2018-09-18,0.14399623568979777
2018-09-19,0.14376119769216625
2018-09-20,0.1482452065117632
2018-09-21,0.14912377882668398
2018-09-24,0.14446222438144254
2018-09-25,0.14242026930689214
2018-09-26,0.14462457999457567
2018-09-27,0.13006856108972606
2018-09-28,0.130383481005838
2018-10-01,0.13140690766283394
2018-10-02,0.13115972117863522
2018-10-03,0.12636788123933432
2018-10-04,0.1411363512068723
2018-10-05,0.14418151604262816
2018-10-08,0.13831683451591853
2018-10-09,0.13763240664146228
2018-10-10,0.24036482117496782
2018-10-11,0.26048642048891457
2018-10-12,0.35456564805986074
2018-10-15,0.3432739331309344
2018-10-16,0.47302961047516595
2018-10-17,0.327554022286594
2018-10-18,0.2752134150925422
2018-10-19,0.25163633614131004
2018-10-22,0.24962094348360334
2018-10-23,0.15662566608763284
2018-10-24,0.22921618506231797
2018-10-25,0.3326921686610111
2018-10-26,0.3495665272095884
2018-10-29,0.34832170056546474
2018-10-30,0.42120002689747027
2018-10-31,0.28860215137074896
2018-11-01,0.26217884737267044
2018-11-02,0.2023851551644152
2018-11-05,0.1803797599769143
2018-11-06,0.16813351857802145
2018-11-07,0.20143009783545604
2018-11-08,0.20827723380150873
2018-11-09,0.2238912388983119
2018-11-12,0.2928845191119697
2018-11-13,0.2817623021730338
2018-11-14,0.1680649691550077
2018-11-15,0.21162594917554264
2018-11-16,0.21374787714004853
2018-11-19,0.2055685465059704
2018-11-20,0.23880594351099188
2018-11-21,0.2472956698429259
2018-11-23,0.20553976332010737
2018-11-26,0.27291603198907183
2018-11-27,0.24409899140013092
2018-11-28,0.22527012704126442
2018-11-29,0.2372526871065194
2018-11-30,0.20274659483290355
2018-12-03,0.19762854405264987
2018-12-04,0.43208592531382234
2018-12-06,0.3382030704361735
2018-12-07,0.3887571089587453
2018-12-10,0.3722253144247134
2018-12-11,0.3002908145724063
2018-12-12,0.21995615402851126
2018-12-13,0.220905657247748
2018-12-14,0.19339842142686406
2018-12-17,0.22438198942183563
2018-12-18,0.2215780421726545
2018-12-19,0.19585599462791056
2018-12-20,0.17376016695290458
2018-12-21,0.17763107953552304
2018-12-24,0.19604632364749286
2018-12-26,0.6882181283501969
2018-12-27,0.6871349107104129
2018-12-28,0.6653793071029203
2018-12-31,0.6087671873397319
2019-01-02,0.4419897803108937
2019-01-03,0.25722680486135985
2019-01-04,0.4286895329457072
2019-01-07,0.4253290119387159
2019-01-08,0.42511237989201456
2019-01-09,0.4215638114027749
2019-01-10,0.24380954495798815
2019-01-11,0.14470338259190352
2019-01-14,0.16153309656547873
2019-01-15,0.16733139688104573
2019-01-16,0.16603234661574848
2019-01-17,0.1701709571302968
2019-01-18,0.18076129776381117
2019-01-22,0.2174541407639825
2019-01-23,0.20562565998658364
2019-01-24,0.20433453374103275
2019-01-25,0.2983198131080585
2019-01-28,0.28901216964141924
2019-01-29,0.2743478914532758
2019-01-30,0.29204671754849654
2019-01-31,0.2929495441053364
2019-02-01,0.2915463152386264
2019-02-04,0.2781182114964659
2019-02-05,0.2725587604424781
2019-02-06,0.26616716297582865
2019-02-07,0.27549802640810733
2019-02-08,0.2755827226064964
2019-02-11,0.27022922864725996
2019-02-12,0.2841990992994127
2019-02-13,0.28391087520371494
2019-02-14,0.27291965237374144
2019-02-15,0.2766246343965971
2019-02-19,0.2755885971074133
2019-02-20,0.26817850122898396
2019-02-21,0.2719713702802524
2019-02-22,0.27090761067968644
2019-02-25,0.2627653690751651
2019-02-26,0.26318996046533916
2019-02-27,0.2631972016914274
2019-02-28,0.26134380892165
2019-03-01,0.2613742381211278
2019-03-04,0.26356798287551164
2019-03-05,0.26368649709172026
2019-03-06,0.2671039793698069
2019-03-07,0.27154561581596237
2019-03-08,0.26037509044186957
2019-03-11,0.2887975044355328
2019-03-12,0.289915674716395
2019-03-13,0.2869593220729725
2019-03-14,0.27609816450904406
2019-03-15,0.2711872793577548
2019-03-18,0.2595356419778396
2019-03-19,0.26099713087585
2019-03-20,0.2615631423314067
2019-03-21,0.27048914206122554
2019-03-22,0.3040212147869333
2019-03-25,0.30183144156765296
2019-03-26,0.3078228163436103
2019-03-27,0.30889095520931253
2019-03-28,0.2979604372113158
2019-03-29,0.270559758874984
2019-04-01,0.27564564311486556
2019-04-02,0.2758593108292197
2019-04-03,0.26742110600257424
2019-04-04,0.26768743546127827
2019-04-05,0.26728410517967727
2019-04-08,0.25665811658532184
2019-04-09,0.2638756970120045
2019-04-10,0.26450653079640585
2019-04-11,0.26437447257805036
2019-04-12,0.2667073839503707
2019-04-15,0.26700941683646373
2019-04-16,0.2615206150918742
2019-04-17,0.2630587489484001
2019-04-18,0.2628280210945684
2019-04-22,0.2558132947812615
2019-04-23,0.2652671312662021
2019-04-24,0.26692149377639346
2019-04-25,0.2655135804275468
2019-04-26,0.2662993485710933
2019-04-29,0.2660744716676398
2019-04-30,0.25866637245667096
2019-05-01,0.26616980855640865
2019-05-02,0.26652268800549817
2019-05-03,0.27429817245516286
2019-05-06,0.2755254751792629
2019-05-07,0.2924257905380756
2019-05-08,0.2914874720164599
2019-05-09,0.29142426133440347
2019-05-10,0.28294729654932305
2019-05-13,0.3116417644430677
2019-05-14,0.3188716302923016
2019-05-15,0.32387452254063825
2019-05-16,0.330427907407631
2019-05-17,0.3311275584572133
2019-05-20,0.2851338686206723
2019-05-21,0.2851017834110753
2019-05-22,0.28499211020370285
2019-05-23,0.2842304208300346
2019-05-24,0.2855416877491572
2019-05-28,0.2880954781170297
2019-05-29,0.2728018143777542
2019-05-30,0.27847626137931064
2019-05-31,0.2804475377664934
2019-06-03,0.27559159879907974
2019-06-04,0.3209445739139566
2019-06-05,0.3186855655070259
2019-06-06,0.31922051395134954
2019-06-07,0.2891966004833385
2019-06-10,0.27849130469681715
2019-06-11,0.26567050469931985
2019-06-12,0.26912018991158265
2019-06-13,0.26817113356646666
2019-06-14,0.26162084007440517
2019-06-17,0.2589809338342546
2019-06-18,0.2699087915280869
2019-06-19,0.267515585273081
2019-06-20,0.27124185536117307
2019-06-21,0.27144471234385026
2019-06-24,0.27293009910352284
2019-06-25,0.2789400326924472
2019-06-26,0.27821184619999095
2019-06-27,0.26874941627363824
2019-06-28,0.27282222115235455
2019-07-01,0.2796450480992483
2019-07-02,0.26327170009861905
2019-07-03,0.2599133587400189
2019-07-05,0.2651105351998051
2019-07-08,0.27378670894402257
2019-07-09,0.2684871572931114
2019-07-10,0.26962081994161974
2019-07-11,0.2640957528196268
2019-07-12,0.26515979382953886
2019-07-15,0.256920302287345
2019-07-16,0.2618274542821505
2019-07-17,0.2665243184355061
2019-07-18,0.26756144575523155
2019-07-19,0.2657201084489214
2019-07-22,0.2674296798497261
2019-07-23,0.2734972300276598
2019-07-24,0.26769877422288846
2019-07-25,0.2716226524691912
2019-07-26,0.32177985468005016
2019-07-29,0.32322786653134383
2019-07-30,0.32198377971766773
2019-07-31,0.3261523162542143
2019-08-01,0.3278290971561314
2019-08-02,0.3196077536122921
2019-08-05,0.3417105207310945
2019-08-06,0.36524765250083074
2019-08-07,0.36747115095422944
2019-08-08,0.389319645052918
2019-08-09,0.3889236753363253
2019-08-12,0.35498015068087324
2019-08-13,0.3567782527613097
2019-08-14,0.39561409367771283
2019-08-15,0.37326588759312107
2019-08-16,0.3879704937356036
2019-08-19,0.38662252543064873
2019-08-20,0.3803142911308307
2019-08-21,0.3365986626752787
2019-08-22,0.3379528977902974
2019-08-23,0.3636112882708683
2019-08-26,0.36248833967204175
2019-08-27,0.361413314910611
2019-08-28,0.3604603213540894
2019-08-29,0.3688839818654347
2019-08-30,0.33121210752037594
2019-09-03,0.33271580290408276
2019-09-04,0.33312912238517184
2019-09-05,0.3358996934025715
2019-09-06,0.333406851732715
2019-09-09,0.33298740106367075
2019-09-10,0.32808571314374857
2019-09-11,0.32555485874855117
2019-09-12,0.3178753817209083
2019-09-13,0.31848943502795696
2019-09-16,0.3203223447224994
2019-09-17,0.32005988240181593
2019-09-18,0.31670757156903384
2019-09-19,0.31535565463095727
2019-09-20,0.3174748450063099
2019-09-23,0.3163845440772814
2019-09-24,0.3188973236154369
2019-09-25,0.3230172565001388
2019-09-26,0.3228660585209288
2019-09-27,0.32306101809279436
2019-09-30,0.3253277989191429
2019-10-01,0.3294081051097297
2019-10-02,0.33392357110187015
2019-10-03,0.34215936685141585
2019-10-04,0.3534920566844406
2019-10-07,0.35219301483106596
2019-10-08,0.35588341175853466
2019-10-09,0.34725670174261797
2019-10-10,0.34661420364010204
2019-10-11,0.3437780063717665
2019-10-14,0.34247353821490767
2019-10-15,0.3224003280797736
2019-10-16,0.32543277627829487
2019-10-17,0.32525656822755905
2019-10-18,0.32454986857977464
2019-10-21,0.32548445764560296
2019-10-22,0.32204667125376096
2019-10-23,0.3221022996080364
2019-10-24,0.32182214369101275
2019-10-25,0.31946550062480167
2019-10-28,0.3186688042700192
2019-10-29,0.3158373277055273
2019-10-30,0.31561222708988995
2019-10-31,0.31828352638570234
2019-11-01,0.32172157023194065
2019-11-04,0.32121921368967066
2019-11-05,0.3213022267420051
2019-11-06,0.32149589606790663
2019-11-07,0.3194922938513642
2019-11-08,0.31495486100258796
2019-11-11,0.3152296598287609
2019-11-12,0.31477366041162663
2019-11-13,0.3147363907117692
2019-11-14,0.3139088120300767
2019-11-15,0.31766713964880555
2019-11-18,0.3162465156958865
2019-11-19,0.3168075215696048
2019-11-20,0.3191285650425594
2019-11-21,0.3195609128637397
2019-11-22,0.3150199096335175
2019-11-25,0.32030329839937793
2019-11-26,0.3202447435883817
2019-11-27,0.3178161112928465
2019-11-29,0.31973845164853376
2019-12-02,0.32631795231231564
2019-12-03,0.3237437292379709
2019-12-04,0.3267258605686001
2019-12-05,0.32514871739443535
2019-12-06,0.33043174374713724
2019-12-09,0.3264809627678643
2019-12-10,0.32234303977335504
2019-12-11,0.32128878454285215
2019-12-12,0.32377509324832254
2019-12-13,0.32090656475922463
2019-12-16,0.319834884647136
2019-12-17,0.3189324214053934
2019-12-18,0.31988272177555627
2019-12-19,0.3170513102748172
2019-12-20,0.3168493320198125
2019-12-23,0.31483854556644264
2019-12-24,0.31490537750666714
2019-12-26,0.3151217426458299
2019-12-27,0.31587650634896886
2019-12-30,0.3192567973754786
2019-12-31,0.3193890525514958
2020-01-02,0.32375176885142476
2020-01-03,0.32711431506238925
2020-01-06,0.3278913230771597
2020-01-07,0.3263286695056734
2020-01-08,0.3271619028603833
2020-01-09,0.3251650288112487
2020-01-10,0.3209985538169735
2020-01-13,0.3222640132389551
2020-01-14,0.3213880644389297
2020-01-15,0.32083057529485925
2020-01-16,0.3219927927781503
2020-01-17,0.3192191513016686
2020-01-21,0.3198899262399123
2020-01-22,0.31911605126878845
2020-01-23,0.31921821514190707
2020-01-24,0.32122045036050106
2020-01-27,0.18118888561897178
2020-01-28,0.21591143670005314
2020-01-29,0.2150503719696438
2020-01-30,0.21842922609103044
2020-01-31,0.2506199690388454
2020-02-03,0.23203132417508318
2020-02-04,0.2516553780615241
2020-02-05,0.26322976200607867
2020-02-06,0.2631641704081831
2020-02-07,0.1905982296324311
2020-02-10,0.19068989402732936
2020-02-11,0.1743504134116317
2020-02-12,0.16312933903696952
2020-02-13,0.16517239194608122
2020-02-14,0.1518513187851109
2020-02-18,0.15081257378410923
2020-02-19,0.15338014827567514
2020-02-20,0.15148357242491273
2020-02-21,0.16933778496470814
2020-02-24,0.2935564375018908
2020-02-25,0.3383333100931682
2020-02-26,0.292867821598715
2020-02-27,0.3557729873543969
2020-02-28,0.3879550083522417
2020-03-02,0.6959365818172126
2020-03-03,0.6936347518066855
2020-03-04,0.758425814874433
2020-03-05,0.7358396570169499
2020-03-06,0.7445105346620587
2020-03-09,0.7774280997877291
2020-03-10,0.8073119313046204
2020-03-11,0.7971184763997314
2020-03-12,0.8128574454180931
2020-03-13,0.8206771619402281
2020-03-16,0.8211186127678692
2020-03-17,0.8211487549860241
2020-03-18,0.8211561744754183
2020-03-19,0.8205651624399961
2020-03-20,0.8161908011411352
2020-03-23,0.7867141884387506
2020-03-24,0.8141781831972261
2020-03-25,0.8085574058156729
2020-03-26,0.8133002764897677
2020-03-27,0.8099320884544995
2020-03-30,0.7977679893412494
2020-03-31,0.7580325156007913
2020-04-01,0.7928964947124886
2020-04-02,0.7435346685525552
2020-04-03,0.7267079139920044
2020-04-06,0.7916067225900487
2020-04-07,0.7875662097655518
2020-04-08,0.7229025036428269
2020-04-09,0.7176591101541357
2020-04-13,0.6970245254752008
2020-04-14,0.45441386619279855
2020-04-15,0.5806479449130543
2020-04-16,0.48401004127331737
2020-04-17,0.535999572273725
2020-04-20,0.5685675375322843
2020-04-21,0.5552377289443803
2020-04-22,0.5750362647540768
2020-04-23,0.5733315664525839
2020-04-24,0.4997671314804409
2020-04-27,0.4751236777542608
2020-04-28,0.2642482407214554
2020-04-29,0.28619788822082415
2020-04-30,0.32542356430632374
2020-05-01,0.4633975782053879
2020-05-04,0.4282931503255939
2020-05-05,0.42829624122949195
2020-05-06,0.2932740017702998
2020-05-07,0.3296816091033311
2020-05-08,0.21784696379470597
2020-05-11,0.22218627221137782
2020-05-12,0.31011239411744457
2020-05-13,0.35194408894045537
2020-05-14,0.3519080262962675
2020-05-15,0.2947987966820093
2020-05-18,0.4548931854915764
2020-05-19,0.39950934440240843
2020-05-20,0.31298144115141957
2020-05-21,0.3529598436872913
2020-05-22,0.35545055920536933
2020-05-26,0.25290910245705317
2020-05-27,0.22684983623093283
2020-05-28,0.21454231252663608
2020-05-29,0.18786046534632803
2020-06-01,0.18277661368723883
2020-06-02,0.17680079541356003
2020-06-03,0.1718270343465554
2020-06-04,0.17406307073008473
2020-06-05,0.231234790424386
2020-06-08,0.224159303741855
2020-06-09,0.2746306159073404
2020-06-10,0.28797940354799295
2020-06-11,0.6680708003261013
2020-06-12,0.6185814871770051
2020-06-15,0.6096078095054014
2020-06-16,0.6585583932876669
2020-06-17,0.6581734455163708
2020-06-18,0.2191833987578138
2020-06-19,0.23465386549681017
2020-06-22,0.2301820565523854
2020-06-23,0.17382498744855282
2020-06-24,0.2769062049986146
2020-06-25,0.30750887770932683
2020-06-26,0.37616403568436724
2020-06-29,0.4167260852791588
2020-06-30,0.44579991276007963
2020-07-01,0.3396520810961611
2020-07-02,0.3320688448355085
2020-07-06,0.1689687010277441
2020-07-07,0.23127199428490897
2020-07-08,0.22263090520564838
2020-07-09,0.2369974353360272
2020-07-10,0.2344378669936756
2020-07-13,0.21529990882518552
2020-07-14,0.21836507275293693
2020-07-15,0.22016731920286964
2020-07-16,0.21328776843200856
2020-07-17,0.20519291096122957
2020-07-20,0.17753384600268782
2020-07-21,0.16607916086212374
2020-07-22,0.1600388824658587
2020-07-23,0.19128020015420885
2020-07-24,0.1985385148882268
2020-07-27,0.2620675789650832
2020-07-28,0.26458770802994946
2020-07-29,0.30177246588966805
2020-07-30,0.26850956101787
2020-07-31,0.2582863181129953
2020-08-03,0.2567324478513954
2020-08-04,0.22381384912074223
2020-08-05,0.20776585220221244
2020-08-06,0.17675673536053346
2020-08-07,0.18633528997778911
2020-08-10,0.18401126010844662
2020-08-11,0.2248207420744909
2020-08-12,0.2575061877126977
2020-08-13,0.2570985611535554
2020-08-14,0.25752197466264487
2020-08-17,0.2575021489668665
2020-08-18,0.22626371577016366
2020-08-19,0.18931233236824285
2020-08-20,0.18951939577492452
2020-08-21,0.19068832454518145
2020-08-24,0.2111603512951136
2020-08-25,0.21048599273861845
2020-08-26,0.19454145403739873
2020-08-27,0.19645076211097898
2020-08-28,0.19401937046583234
2020-08-31,0.21051707242699572
2020-09-01,0.21825938870864592
2020-09-02,0.23603552321234125
2020-09-03,0.5805434535730333
2020-09-04,0.5674867292025872
2020-09-08,0.6552278128494468
2020-09-09,0.7315380344728852
2020-09-10,0.6405428095797111
2020-09-11,0.5378342427466799
2020-09-14,0.6039325329116798
2020-09-15,0.4164641573692063
2020-09-16,0.33997988530242795
2020-09-17,0.27728672676409993
2020-09-18,0.3143335848038101
2020-09-21,0.2511513795464147
2020-09-22,0.28956749222176936
2020-09-23,0.3616066491201577
2020-09-24,0.3897105403401542
2020-09-25,0.48124137030181013
2020-09-28,0.4975138125406897
2020-09-29,0.5018846805664225
2020-09-30,0.3002363926510604
2020-10-01,0.2921570429393605
2020-10-02,0.3204347103480977
2020-10-05,0.33062415896749353
2020-10-06,0.38520696224525697
2020-10-07,0.43571000643048435
2020-10-08,0.4384487126398011
2020-10-09,0.37915962182958085
2020-10-12,0.3715100393092626
2020-10-13,0.29528612153904166
2020-10-14,0.30858720983926863
2020-10-15,0.3046644331271802
2020-10-16,0.28855385016393525
2020-10-19,0.2313583464468924
2020-10-20,0.25348906174462044
2020-10-21,0.24872908624908943
2020-10-22,0.26516730571268693
2020-10-23,0.2699094577118964
2020-10-26,0.29848747118039787
2020-10-27,0.28832240918191104
2020-10-28,0.49517459520872636
2020-10-29,0.5335573601148378
2020-10-30,0.4911223776247732
2020-11-02,0.5554538936782223
2020-11-03,0.6465911713124527
2020-11-04,0.370449650755259
2020-11-05,0.39088728621167823
2020-11-06,0.28846431942864936
2020-11-09,0.28620516475166546
2020-11-10,0.331655588522032
2020-11-11,0.28388301516557574
2020-11-12,0.28019417842214894
2020-11-13,0.3096677815323636
2020-11-16,0.3081930498280477
2020-11-17,0.3246959626739843
2020-11-18,0.36904349860323854
2020-11-19,0.3389843422716688
2020-11-20,0.30600236381105944
2020-11-23,0.2626963712584211
2020-11-24,0.3348589318907215
2020-11-25,0.273509263978511
2020-11-27,0.2733549028367679
2020-11-30,0.26048375168941623
2020-12-01,0.2716667805597851
2020-12-02,0.22615974524582508
2020-12-03,0.22237386503926426
2020-12-04,0.23090007595538814
2020-12-07,0.2216054943938994
2020-12-08,0.2017934012056796
2020-12-09,0.23299832223394967
2020-12-10,0.23285104312867153
2020-12-11,0.20504856627468013
2020-12-14,0.20620345859988892
2020-12-15,0.2632845121630412
2020-12-16,0.23771718190385385
2020-12-17,0.23746885700290865
2020-12-18,0.24576451236375393
2020-12-21,0.24231639548595302
2020-12-22,0.19949309328968506
2020-12-23,0.19759690508653213
2020-12-24,0.19095568918032288
2020-12-28,0.2076032585794921
2020-12-29,0.2027085957621692
2020-12-30,0.19729032971088353
2020-12-31,0.19734145281528276
2021-01-04,0.26327221227882946
2021-01-05,0.2559176549966102
2021-01-06,0.26302350287180293
2021-01-07,0.3038662441800497
2021-01-08,0.3038029962970548
2021-01-11,0.2504808627104048
2021-01-12,0.25443919392444403
2021-01-13,0.2530411090477864
2021-01-14,0.2095762184362591
2021-01-15,0.20314553311085284
2021-01-19,0.22118868095205915
2021-01-20,0.2639908210744919
2021-01-21,0.2645112167998793
2021-01-22,0.264729254736147
2021-01-25,0.23355798329430605
2021-01-26,0.21938665877438787
2021-01-27,0.30045285739090305
2021-01-28,0.33524188682193196
2021-01-29,0.3950386568150392
2021-02-01,0.49832702077398205
2021-02-02,0.5635098126681729
2021-02-03,0.3975692438758992
2021-02-04,0.4061966342556413
2021-02-05,0.2215166228452179
2021-02-08,0.2041717927451528
2021-02-09,0.19813975804717143
2021-02-10,0.20103267955725557
2021-02-11,0.1823180012476441
2021-02-12,0.1836716353184833
2021-02-16,0.17501084839667458
2021-02-17,0.1740759904059317
2021-02-18,0.18276418521902144
2021-02-19,0.18292770245299064
2021-02-22,0.1809565764186665
2021-02-23,0.18492775488031762
2021-02-24,0.22637424209036397
2021-02-25,0.3452282396937078
2021-02-26,0.3430862862003159
2021-03-01,0.5057271009723685
2021-03-02,0.5209611973739707
2021-03-03,0.5017473921622634
2021-03-04,0.41981065900352493
2021-03-05,0.506041936020096
2021-03-08,0.3461532315287397
2021-03-09,0.40480904678713503
2021-03-10,0.345355495165951
2021-03-11,0.25704761426646594
2021-03-12,0.23314983486411647
2021-03-15,0.19832251283486554
2021-03-16,0.19406423022404184
2021-03-17,0.19303685555107233
2021-03-18,0.2413535515481635
2021-03-19,0.23958367576887882
2021-03-22,0.24824032210216937
2021-03-23,0.257265783662151
2021-03-24,0.24594934260989984
2021-03-25,0.22244904949464933
2021-03-26,0.2732807580357492
2021-03-29,0.26651624890919856
2021-03-30,0.24710286458703243
2021-03-31,0.2278420875343968
2021-04-01,0.23541016796572015
2021-04-05,0.22655093499495552
2021-04-06,0.2266020561699247
2021-04-07,0.2143160457928166
2021-04-08,0.21372693103682777
2021-04-09,0.20777820932293378
2021-04-12,0.18147905431824818
2021-04-13,0.17712248040467812
2021-04-14,0.18886415189594832
2021-04-15,0.2045803123962487
2021-04-16,0.1993242376772599
2021-04-19,0.21153483463928932
2021-04-20,0.22627793603474333
2021-04-21,0.23824237780810598
2021-04-22,0.23386709284550558
2021-04-23,0.26272354384135216
2021-04-26,0.2549296557627014
2021-04-27,0.23624074654215185
2021-04-28,0.2226086886150732
2021-04-29,0.1951175612748348
2021-04-30,0.19406118122421495
2021-05-03,0.19354869096377217
2021-05-04,0.20262648629999602
2021-05-05,0.20288570266267011
2021-05-06,0.20925999025382658
2021-05-07,0.20535449468737438
2021-05-10,0.2347621050042464
2021-05-11,0.24462708152043974
2021-05-12,0.3279140765870226
2021-05-13,0.35755868762835663
2021-05-14,0.41998005564134505
2021-05-17,0.40329358816761884
2021-05-18,0.4022890373618197
2021-05-19,0.28155259742742667
2021-05-20,0.2762896669104338
2021-05-21,0.22485406525621907
2021-05-24,0.24600207532088803
2021-05-25,0.2211825995743231
2021-05-26,0.2121883647383658
2021-05-27,0.19748701719026934
2021-05-28,0.1949295244723031
2021-06-01,0.16962962869012826
2021-06-02,0.1653437498017792
2021-06-03,0.17318583747556582
2021-06-04,0.1963882049357691
2021-06-07,0.19769782006052222
2021-06-08,0.19664555039093612
2021-06-09,0.19801429073403323
2021-06-10,0.1921691309957278
2021-06-11,0.1739788372036798
2021-06-14,0.17228161543880832
2021-06-15,0.17539172610373333
2021-06-16,0.1854970366147619
2021-06-17,0.17838734849405935
2021-06-18,0.20746965236981427
2021-06-21,0.269237779262632
2021-06-22,0.27583982862609063
2021-06-23,0.26811645313059373
2021-06-24,0.27207374007942575
2021-06-25,0.2031946373764109
2021-06-28,0.17711266774721823
2021-06-29,0.1760903373816605
2021-06-30,0.17206731903980046
2021-07-01,0.17101921354646593
2021-07-02,0.1791613191570094
2021-07-06,0.18582919906376658
2021-07-07,0.18442011091100177
2021-07-08,0.2121674813856615
2021-07-09,0.2278087763614787
2021-07-12,0.2208943008998029
2021-07-13,0.22406356621308574
2021-07-14,0.2225754396185631
2021-07-15,0.20627763632974389
2021-07-16,0.19236656167902533
2021-07-19,0.20995846076872995
2021-07-20,0.28751042428148676
2021-07-21,0.3072250371253919
2021-07-22,0.30584069187896495
2021-07-23,0.2982023849832504
2021-07-26,0.2002115976649917
2021-07-27,0.10674533946151905
2021-07-28,0.10472777664957438
2021-07-29,0.10519410723396438
2021-07-30,0.09827298735035825
2021-08-02,0.09663852720914821
2021-08-03,0.103462747512142
2021-08-04,0.1069004544304806
2021-08-05,0.10928094590392828
2021-08-06,0.10497577925755763
2021-08-09,0.10394006507017481
2021-08-10,0.09827870944534943
2021-08-11,0.09247883042531385
2021-08-12,0.08859325479406356
2021-08-13,0.08857717633739905
2021-08-16,0.08609393251694127
2021-08-17,0.09716561802281878
2021-08-18,0.10805737292316647
2021-08-19,0.1066763681569813
2021-08-20,0.11479719903848466
2021-08-23,0.12314457802548101
2021-08-24,0.11724711088574799
2021-08-25,0.09589282253057871
2021-08-26,0.10615417644825006
2021-08-27,0.10742549642044015
2021-08-30,0.10362238387783558
2021-08-31,0.10475473290605788
2021-09-01,0.10464252113090491
2021-09-02,0.09710549804004183
2021-09-03,0.09138719220134575
2021-09-07,0.09154492374697255
2021-09-08,0.09145742685850881
2021-09-09,0.09321796456358376
2021-09-10,0.09350839276126711
2021-09-13,0.09690774776696055
2021-09-14,0.09762323163332264
2021-09-15,0.11044932023532297
2021-09-16,0.10878041358353378
2021-09-17,0.11235345821146801
2021-09-20,0.1294088196149549
2021-09-21,0.13013143735486143
2021-09-22,0.13470973967577243
2021-09-23,0.1593083521099828
2021-09-24,0.14858234299492795
2021-09-27,0.111165322002731
2021-09-28,0.1664556617069493
2021-09-29,0.1544157310997293
2021-09-30,0.1331523334530462
2021-10-01,0.16240965655340514
2021-10-04,0.16901142441631573
2021-10-05,0.15784964378409622
2021-10-06,0.1596789582042665
2021-10-07,0.1394549392144666
2021-10-08,0.13314290151657318
2021-10-11,0.11718417753598827
2021-10-12,0.10986819979342366
2021-10-13,0.10932436988184557
2021-10-14,0.1319642566589653
2021-10-15,0.13228491711792423
2021-10-18,0.11587488477929586
2021-10-19,0.10607276457124806
2021-10-20,0.10570565692894078
2021-10-21,0.09238555823915266
2021-10-22,0.0947755279505161
2021-10-25,0.09529459210659098
2021-10-26,0.0921942634734224
2021-10-27,0.09686178355459502
2021-10-28,0.10511434027674442
2021-10-29,0.1036171647261564
2021-11-01,0.1020486345548305
2021-11-02,0.10204597133411618
2021-11-03,0.09458636526541231
2021-11-04,0.08960121909787082
2021-11-05,0.0888529432040266
2021-11-08,0.08973665048850044
2021-11-09,0.0959305492274496
2021-11-10,0.10283542571724504
2021-11-11,0.09867651299167317
2021-11-12,0.10436163973116074
2021-11-15,0.10426035712070811
2021-11-16,0.10439770792519992
2021-11-17,0.09627634967018232
2021-11-18,0.09598153242113143
2021-11-19,0.09284999297255705
2021-11-22,0.09430351502279809
2021-11-23,0.09214156120951578
2021-11-24,0.09216717401282787
2021-11-26,0.13612122221044326
2021-11-29,0.16336213845581365
2021-11-30,0.19725792982050291
2021-12-01,0.1933052090334653
2021-12-02,0.2452677830425593
2021-12-03,0.2032219719267844
2021-12-06,0.2024495609033388
2021-12-07,0.1940808194925543
2021-12-08,0.15524585178540443
2021-12-09,0.16530815781996175
2021-12-10,0.14178913490025574
2021-12-13,0.16187939429228632
2021-12-14,0.12107578208695625
2021-12-15,0.1518493554553471
2021-12-16,0.15605198088666136
2021-12-17,0.1498333228860231
2021-12-20,0.15240854585391236
2021-12-21,0.19882423684472758
2021-12-22,0.18010934051619984
2021-12-23,0.17108086419409893
2021-12-27,0.15027594055157298
2021-12-28,0.11693222232928896
2021-12-29,0.10994597038185484
2021-12-30,0.11372045870018505
2021-12-31,0.11543633708226851
2022-01-03,0.09651281596616079
2022-01-04,0.0963666407921168
2022-01-05,0.13195942737664795
2022-01-06,0.1326971430416071
2022-01-07,0.13253196535600634
2022-01-10,0.12159289964004136
2022-01-11,0.14018960880570872
2022-01-12,0.10350655048814704
2022-01-13,0.1251067697358446
2022-01-14,0.1242199799050412
2022-01-18,0.15231859031449077
2022-01-19,0.1288663945282347
2022-01-20,0.11294995231488605
2022-01-21,0.12064439459638412
2022-01-24,0.13249164053324924
2022-01-25,0.0617223740344421
2022-01-26,0.06264113087809461
2022-01-27,0.06251097397973353
2022-01-28,0.07360815906760126
2022-01-31,0.07908159114114909
2022-02-01,0.0707001309549222
2022-02-02,0.06724986103931795
2022-02-03,0.08818882603843292
2022-02-04,0.07874760163816931
2022-02-07,0.07220071437578277
2022-02-08,0.07283828254836505
2022-02-09,0.0758752844287481
2022-02-10,0.07020443451903303
2022-02-11,0.07781292644767006
2022-02-14,0.07780819898735201
2022-02-15,0.08370719713084442
2022-02-16,0.07614484581302156
2022-02-17,0.0787033363722316
2022-02-18,0.0727399274490883
2022-02-22,0.0740307077225423
2022-02-23,0.06278558315904961
2022-02-24,0.07489687248217593
2022-02-25,0.08427127595181669
2022-02-28,0.08298222732813704
2022-03-01,0.08597943185896945
2022-03-02,0.07964050523981335
2022-03-03,0.08009694921670371
2022-03-04,0.0704076578265572
2022-03-07,0.0850351929193503
2022-03-08,0.08339779260898489
2022-03-09,0.09564675271405527
2022-03-10,0.09550205265042756
2022-03-11,0.09667842062911454
2022-03-14,0.07972634975585957
2022-03-15,0.08783283599738352
2022-03-16,0.08318975728283663
2022-03-17,0.08183151515660672
2022-03-18,0.06925067836114594
2022-03-21,0.06350928569541703
2022-03-22,0.06122106653493111
2022-03-23,0.06687653487698582
2022-03-24,0.0680258469828501
2022-03-25,0.06689421318119762
2022-03-28,0.0665227511627438
2022-03-29,0.06670433927912038
2022-03-30,0.061577648263530925
2022-03-31,0.06724697192405567
2022-04-01,0.0668788137209245
2022-04-04,0.06717082237288508
2022-04-05,0.06490051457468947
2022-04-06,0.06538396077229272
2022-04-07,0.06352610172069807
2022-04-08,0.06298046619002136
2022-04-11,0.06225183135373891
2022-04-12,0.06149057397810678
2022-04-13,0.06571593386940264
2022-04-14,0.06618170041842966
2022-04-18,0.0666127938656292
2022-04-19,0.0674821049080034
2022-04-20,0.06674225152388476
2022-04-21,0.06931260547607174
2022-04-22,0.08103153869879864
2022-04-25,0.08309518535589651
2022-04-26,0.07833039469844794
2022-04-27,0.08060120122375022
2022-04-28,0.10814802838902186
2022-04-29,0.12061683286566208
2022-05-02,0.12077704857509906
2022-05-03,0.1063927470221438
2022-05-04,0.1242640342514606
2022-05-05,0.1369355174930196
2022-05-06,0.11253046439594232
2022-05-09,0.12842220696677298
2022-05-10,0.12729615542956926
2022-05-11,0.08189617121968462
2022-05-12,0.0742432350293875
2022-05-13,0.09973774337726281
2022-05-16,0.07624221659094862
2022-05-17,0.08432367583675039
2022-05-18,0.12158887551336248
2022-05-19,0.12223298070821016
2022-05-20,0.10439866913222194
2022-05-23,0.11668847201200902
2022-05-24,0.10178284584413709
2022-05-25,0.06722886601519633
2022-05-26,0.06915535657712368
2022-05-27,0.07156215861629603
2022-05-31,0.07638616043171889
2022-06-01,0.0767582505169126
2022-06-02,0.07928575685623336
2022-06-03,0.08759492060597866
2022-06-06,0.07309771766126795
2022-06-07,0.07450682328821688
2022-06-08,0.07601947808820783
2022-06-09,0.07386483050913997
2022-06-10,0.08279564378710692
2022-06-13,0.08959710851345754
2022-06-14,0.07474369038594328
2022-06-15,0.10059184986124761
2022-06-16,0.10584662740802675
2022-06-17,0.10773683401140907
2022-06-21,0.10429387037941559
2022-06-22,0.10394393543653413
2022-06-23,0.10148728185953962
2022-06-24,0.07639907955430907
2022-06-27,0.08052456454388046
2022-06-28,0.09289312995003707
2022-06-29,0.09266235028204411
2022-06-30,0.09328406162127338
2022-07-01,0.06772357437971477
2022-07-05,0.06856353632749916
2022-07-06,0.05945423825580797
2022-07-07,0.06285106754237363
2022-07-08,0.05912814022150789
2022-07-11,0.06392645309752583
2022-07-12,0.06601755334726633
2022-07-13,0.0656495149573671
2022-07-14,0.05630365655828913
2022-07-15,0.06948269365590687
2022-07-18,0.06794197788682133
2022-07-19,0.07971514632403706
2022-07-20,0.07572645676677292
2022-07-21,0.07222708334779285
2022-07-22,0.07658217215505908
2022-07-25,0.07174257984035015
2022-07-26,0.06376646604310413
2022-07-27,0.3547714663141487
2022-07-28,0.3608291960666248
2022-07-29,0.3353296157558696
2022-08-01,0.34678075619522736
2022-08-02,0.3194558079175233
2022-08-03,0.27999213124605227
2022-08-04,0.2775132132673063
2022-08-05,0.2585079814706654
2022-08-08,0.25676566603917017
2022-08-09,0.25163541442965437
2022-08-10,0.2765749597256219
2022-08-11,0.2759275257553709
2022-08-12,0.2914682254015706
2022-08-15,0.2825949453911761
2022-08-16,0.2662742532859852
2022-08-17,0.2589218703364102
2022-08-18,0.2572056631919511
2022-08-19,0.24856161298792812
2022-08-22,0.2745138982990894
2022-08-23,0.26488722216555033
2022-08-24,0.2789853108908311
2022-08-25,0.3224429029981861
2022-08-26,0.4403448298261472
2022-08-29,0.4073378413377855
2022-08-30,0.40965180143022306
2022-08-31,0.3886865958898819
2022-09-01,0.3248874802669367
2022-09-02,0.23361327519550845
2022-09-06,0.23455295381269844
2022-09-07,0.29057218897925724
2022-09-08,0.2825839465719669
2022-09-09,0.3027444744303183
2022-09-12,0.2581366872656185
2022-09-13,0.6218135063753017
2022-09-14,0.57772260188768
2022-09-15,0.5738450557720123
2022-09-16,0.49117331521375984
2022-09-19,0.47242630555833437
2022-09-20,0.2631115035678128
2022-09-21,0.2689116270523204
2022-09-22,0.2670239879521466
2022-09-23,0.27719618317166866
2022-09-26,0.2228882312441232
2022-09-27,0.2375325801102773
2022-09-28,0.33124933604704465
2022-09-29,0.3705873859465332
2022-09-30,0.3664777895896218
2022-10-03,0.4942767004547689
2022-10-04,0.5968750864421337
2022-10-05,0.5779159259163439
2022-10-06,0.509253776058244
2022-10-07,0.6110684233595567
2022-10-10,0.5111004899280903
2022-10-11,0.2736882936325355
2022-10-12,0.27130747796568705
2022-10-13,0.4535790157258452
2022-10-14,0.4164203688153512
2022-10-17,0.5120699257614487
2022-10-18,0.49407303565517957
2022-10-19,0.5091678248651584
2022-10-20,0.4427809352618294
2022-10-21,0.3831616788783905
2022-10-24,0.334630278187658
2022-10-25,0.34403766785526696
2022-10-26,0.34598564698402756
2022-10-27,0.3314996147528327
2022-10-28,0.32893842357486097
2022-10-31,0.3494441244668416
2022-11-01,0.32348977956883607
2022-11-02,0.4063388055533529
2022-11-03,0.41242498517916565
2022-11-04,0.3358640636356108
2022-11-07,0.36802519116100646
2022-11-08,0.3764297013308978
2022-11-09,0.3452045005643509
2022-11-10,0.6758402537100816
2022-11-11,0.6745346015081449
2022-11-14,0.7125204662713286
2022-11-15,0.7114103340563742
2022-11-16,0.6358784065329923
2022-11-17,0.2613655101221831
2022-11-18,0.24915673855796028
2022-11-21,0.24114755586430459
2022-11-22,0.25726621103516506
2022-11-23,0.24548762487224188
2022-11-25,0.24069099407850164
2022-11-28,0.28829596622916115
2022-11-29,0.28661523226131674
2022-11-30,0.4042356081262494
2022-12-01,0.404106074959656
2022-12-02,0.4047403048868445
2022-12-05,0.4184384966281315
2022-12-06,0.4564013984913583
2022-12-07,0.25687454518283304
2022-12-08,0.28191948876450934
2022-12-09,0.2758505105473234
2022-12-12,0.2920212333935644
2022-12-13,0.25838909322349174
2022-12-14,0.2686546298832774
2022-12-15,0.34881240929382784
2022-12-16,0.3571817675702142
2022-12-19,0.2920746588024443
2022-12-20,0.26726187098660575
2022-12-21,0.3441536469432764
2022-12-22,0.2989881719132803
2022-12-23,0.2931973753819815
2022-12-27,0.284275564249533
2022-12-28,0.3043841640451736
2022-12-29,0.31915686685970196
2022-12-30,0.2911585797372284
2023-01-03,0.2888118675321683
2023-01-04,0.29441007791184387
2023-01-05,0.29037635868001627
2023-01-06,0.3184086511359304
2023-01-09,0.31559326461155807
2023-01-10,0.3069139151320062
2023-01-11,0.313441244812888
2023-01-12,0.263156184866927
2023-01-13,0.22788208792556797
2023-01-17,0.23024387818830241
2023-01-18,0.2776408240956083
2023-01-19,0.2542084068801852
2023-01-20,0.31089977154250265
2023-01-23,0.3289600748555461
2023-01-24,0.3273299021755627
2023-01-25,0.2779275238739247
2023-01-26,0.26049957577694977
2023-01-27,0.23927240991648624
2023-01-30,0.2612510723075523
2023-01-31,0.2876651874206285
2023-02-01,0.2919410036723612
2023-02-02,0.30041977037517936
2023-02-03,0.3376051603000278
2023-02-06,0.3085418631576539
2023-02-07,0.3039114048111785
2023-02-08,0.3205698273178002
2023-02-09,0.2810797194247204
2023-02-10,0.277809325172208
2023-02-13,0.29563607727881247
2023-02-14,0.2689728932512539
2023-02-15,0.2500594232850115
2023-02-16,0.27043416634583584
2023-02-17,0.27029439293974655
2023-02-21,0.2772368902868698
2023-02-22,0.27552144122904054
2023-02-23,0.28280594772374196
2023-02-24,0.27680780331713073
2023-02-27,0.2875846295437846
2023-02-28,0.24087373867889808
2023-03-01,0.24145438540562217
2023-03-02,0.24801351476629604
2023-03-03,0.2601410966313383
2023-03-06,0.2613642241032081
2023-03-07,0.30487183577506816
2023-03-08,0.2993821873721827
2023-03-09,0.34146814991159724
2023-03-10,0.27396871698100533
2023-03-13,0.26788786820980703
2023-03-14,0.34033509808071616
2023-03-15,0.3359016260825796
2023-03-16,0.3463409899165258
2023-03-17,0.3317491622544463
2023-03-20,0.3323056898668822
2023-03-21,0.3204619802897821
2023-03-22,0.37635551025309216
2023-03-23,0.3292262720121341
2023-03-24,0.30654463345883176
2023-03-27,0.2976304101901854
2023-03-28,0.2701604494595527
2023-03-29,0.24140002865116603
2023-03-30,0.2406074085601648
2023-03-31,0.2513845928434694
2023-04-03,0.24870202669774388
2023-04-04,0.26017622973183185
2023-04-05,0.25392991232900697
2023-04-06,0.25229012673422774
2023-04-10,0.22413359818537787
2023-04-11,0.22074814759564304
2023-04-12,0.21778675837368475
2023-04-13,0.24183440078156515
2023-04-14,0.24469423029017887
2023-04-17,0.24464197867718343
2023-04-18,0.24433394076382112
2023-04-19,0.23814785157622054
2023-04-20,0.21869185324281773
2023-04-21,0.218157826210397
2023-04-24,0.21498242510718402
2023-04-25,0.24677055681815122
2023-04-26,0.24410862659971308
2023-04-27,0.31793253280302136
2023-04-28,0.32682389587821886
2023-05-01,0.3262442813342229
2023-05-02,0.3052601488811172
2023-05-03,0.3116079298511413
2023-05-04,0.251989543003388
2023-05-05,0.3027493559982515
2023-05-08,0.3031651094151923
2023-05-09,0.2877522044845102
2023-05-10,0.279339810380334
2023-05-11,0.2666945993406227
2023-05-12,0.21896313869830283
2023-05-15,0.22178745813057474
2023-05-16,0.2267861424880576
2023-05-17,0.2474245821120112
2023-05-18,0.2534686721374637
2023-05-19,0.25369971288157767
2023-05-22,0.2548462826485594
2023-05-23,0.27062423230629745
2023-05-24,0.25567752348512757
2023-05-25,0.25156604638752217
2023-05-26,0.28056879963563164
2023-05-30,0.28056108664044294
2023-05-31,0.2634015420288725
2023-06-01,0.25107495325975143
2023-06-02,0.26165427513934136
2023-06-05,0.25782154394692824
2023-06-06,0.25657278070467326
2023-06-07,0.2511538245200055
2023-06-08,0.2469505676663491
2023-06-09,0.22114406481158672
2023-06-12,0.2277544395766647
2023-06-13,0.22907779400560915
2023-06-14,0.2187806735469888
2023-06-15,0.2279028324437648
2023-06-16,0.2393105163994077
2023-06-20,0.24753765754094004
2023-06-21,0.24919052791407467
2023-06-22,0.25013003787272964
2023-06-23,0.2242827605973249
2023-06-26,0.22432890263438127
2023-06-27,0.2502978779861853
2023-06-28,0.2461382383064908
2023-06-29,0.24618803811021217
2023-06-30,0.2429742996005517
2023-07-03,0.2314191895097052
2023-07-05,0.2301179818574363
2023-07-06,0.24627684424016008
2023-07-07,0.246547507028489
2023-07-10,0.22247142067296785
2023-07-11,0.23159319222115726
2023-07-12,0.24046235309176
2023-07-13,0.2256679886464575
2023-07-14,0.22115268973968624
2023-07-17,0.22020576574574105
2023-07-18,0.22097800042694363
2023-07-19,0.21979012017853058
2023-07-20,0.2302882272908962
2023-07-21,0.22996883752529482
2023-07-24,0.23045272764015354
2023-07-25,0.22380377745456287
2023-07-26,0.22290205121047382
2023-07-27,0.223187223714853
2023-07-28,0.09457978859868107
2023-07-31,0.09396203480760071
2023-08-01,0.09467879020994009
2023-08-02,0.10400748741109453
2023-08-03,0.10273490985054018
2023-08-04,0.09418579804544776
2023-08-07,0.10100215193830017
2023-08-08,0.10105860053146574
2023-08-09,0.09509881845507251
2023-08-10,0.095113963093694
2023-08-11,0.09438313557896676
2023-08-14,0.09137777026975569
2023-08-15,0.09664458179519839
2023-08-16,0.09699256331096048
2023-08-17,0.09709419226151825
2023-08-18,0.09758252462026776
2023-08-21,0.09870800661892248
2023-08-22,0.09456375964575965
2023-08-23,0.09931287871752904
2023-08-24,0.10736680577764666
2023-08-25,0.10919704614757202
2023-08-28,0.10923655326951898
2023-08-29,0.11453612597502191
2023-08-30,0.11164898846426478
2023-08-31,0.09451286673037211
2023-09-01,0.09519255129551944
2023-09-05,0.09878503106720855
2023-09-06,0.09104623252899385
2023-09-07,0.08831730185203679
2023-09-08,0.08946541093444288
2023-09-11,0.0932345823042955
2023-09-12,0.09375118149990631
2023-09-13,0.0915236171746537
2023-09-14,0.09367618593477588
2023-09-15,0.10349811285766072
2023-09-18,0.10063320523951633
2023-09-19,0.0995927050500822
2023-09-20,0.10223515710320075
2023-09-21,0.09852683967215621
2023-09-22,0.09804127461113682
2023-09-25,0.10115755933141245
2023-09-26,0.1040239787063993
2023-09-27,0.10587901513610108
2023-09-28,0.10163119937711083
2023-09-29,0.10164886270009067
2023-10-02,0.09979060704422123
2023-10-03,0.09825409334948242
2023-10-04,0.1022625514493594
2023-10-05,0.09959092990095493
2023-10-06,0.10789680910639182
2023-10-09,0.1088716208951865
2023-10-10,0.09112237662414524
2023-10-11,0.09116221790043193
2023-10-12,0.09689158515108343
2023-10-13,0.09515484253007866
2023-10-16,0.09867393144113669
2023-10-17,0.09785996660071658
2023-10-18,0.10490197255383296
2023-10-19,0.1059205938624089
2023-10-20,0.10977621040432
2023-10-23,0.09552206688880983
2023-10-24,0.10409969586783001
2023-10-25,0.10526784864547854
2023-10-26,0.10679606175490096
2023-10-27,0.10456140517520014
2023-10-30,0.11814863833440144
2023-10-31,0.11663722980867779
2023-11-01,0.11166264326758835
2023-11-02,0.10507025453756734
2023-11-03,0.09234537626857092
2023-11-06,0.09644144461450253
2023-11-07,0.09832030470360366
2023-11-08,0.10077083164888072
2023-11-09,0.09585937831622499
2023-11-10,0.1037694752854167
2023-11-13,0.10435073042207782
2023-11-14,0.11862823565280824
2023-11-15,0.1177063199150541
2023-11-16,0.10745048174367311
2023-11-17,0.10339373472835953
2023-11-20,0.10132796361075004
2023-11-21,0.08929092361572026
2023-11-22,0.08941582777234512
2023-11-24,0.08944326044218279
2023-11-27,0.09040036942742218
2023-11-28,0.08672415348298237
2023-11-29,0.08614709699072952
2023-11-30,0.08619109353090237
2023-12-01,0.08815441757020544
2023-12-04,0.0905909299574871
2023-12-05,0.09067052306985135
2023-12-06,0.09190151181492379
2023-12-07,0.09431822834182796
2023-12-08,0.09333085798961804
2023-12-11,0.0907715655510026
2023-12-12,0.09038974362069427
2023-12-13,0.08970117820646288
2023-12-14,0.0902350844253647
2023-12-15,0.09300893896149388
2023-12-18,0.09300590655363543
2023-12-19,0.09296781832024179
2023-12-20,0.1014419263539035
2023-12-21,0.10534094859360045
2023-12-22,0.10484273641145117
2023-12-26,0.1043385184468275
2023-12-27,0.10312536703951937
2023-12-28,0.08885750872990315
2023-12-29,0.08696089970518844
2024-01-02,0.08956350772326754
2024-01-03,0.09015155030797274
2024-01-04,0.08816159668726839
2024-01-05,0.08886529201662546
2024-01-08,0.10422887090729818
2024-01-09,0.10264866620989337
2024-01-10,0.09792066887556622
2024-01-11,0.09622996792211143
2024-01-12,0.09619954236304701
2024-01-16,0.08872131584185125
2024-01-17,0.0906270820852746
2024-01-18,0.0937597888576613
2024-01-19,0.10075816925650799
2024-01-22,0.10008937450910135
2024-01-23,0.0972373710699581
2024-01-24,0.09193343149863716
2024-01-25,0.09107554811644884
2024-01-26,0.08663185998306996
2024-01-29,0.10219223624882717
2024-01-30,0.10570363071774393
2024-01-31,0.16496803188947767
2024-02-01,0.1892840283884131
2024-02-02,0.2006833699043417
2024-02-05,0.1998239510914934
2024-02-06,0.1975023280663911
2024-02-07,0.13264757424058285
2024-02-08,0.12324003497217359
2024-02-09,0.11249992700453612
2024-02-12,0.10372349267274937
2024-02-13,0.1560585992882227
2024-02-14,0.15822674200719994
2024-02-15,0.16446272227483646
2024-02-16,0.16406774378753072
2024-02-20,0.16777333280167273
2024-02-21,0.1337114103971448
2024-02-22,0.18911289045293453
2024-02-23,0.1873141386342639
2024-02-26,0.18438854624977483
2024-02-27,0.17069266483656392
2024-02-28,0.1739501439745437
2024-02-29,0.09698446372284071
2024-03-01,0.11632989528038716
2024-03-04,0.1101363722767752
2024-03-05,0.13877463168340398
2024-03-06,0.14162499478731944
2024-03-07,0.15306678103893454
2024-03-08,0.15023753253141336
2024-03-11,0.15007240359640384
2024-03-12,0.14003073919331793
2024-03-13,0.14205164626875935
2024-03-14,0.12899757558515437
2024-03-15,0.13150652984185415
2024-03-18,0.1367451127869498
2024-03-19,0.12040195305993205
2024-03-20,0.13237781211116226
2024-03-21,0.12470042302738955
2024-03-22,0.1064659449887298
2024-03-25,0.11459542196606
2024-03-26,0.11499645890597526
2024-03-27,0.11230292328144269
2024-03-28,0.11086375973531601
2024-04-01,0.11031751477358483
2024-04-02,0.11814964241990288
2024-04-03,0.11657915732651354
2024-04-04,0.11874185196929146
2024-04-05,0.1507050452559758
2024-04-08,0.15073711473484697
2024-04-09,0.14541254952345387
2024-04-10,0.15867760577988424
2024-04-11,0.14415445901612778
2024-04-12,0.1565776080730123
2024-04-15,0.1657361709499201
2024-04-16,0.15960582889216673
2024-04-17,0.15613164865733775
2024-04-18,0.12191949170809539
2024-04-19,0.11129892419716979
2024-04-22,0.1347300341322013
2024-04-23,0.16427184365321826
2024-04-24,0.1552305817705196
2024-04-25,0.15743324447831805
2024-04-26,0.1371576319231154
2024-04-29,0.13334108563391767
2024-04-30,0.16972620214143244
2024-05-01,0.16984976913244365
2024-05-02,0.1856103423364354
2024-05-03,0.19592389065398544
2024-05-06,0.20832460144547219
2024-05-07,0.13628293912971975
2024-05-08,0.12427202575397615
2024-05-09,0.12208062603816494
2024-05-10,0.11022451632649094
2024-05-13,0.09309758570880244
2024-05-14,0.09538282295814272
2024-05-15,0.11458710084973005
2024-05-16,0.12265703304834394
2024-05-17,0.1218124482381639
2024-05-20,0.12038212750746849
2024-05-21,0.11963770319071286
2024-05-22,0.09267392376129738
2024-05-23,0.10697055209123604
2024-05-24,0.11834200080998371
2024-05-28,0.11814035941666765
2024-05-29,0.12123043948009134
2024-05-30,0.12537800616534703
2024-05-31,0.13754964140243525
2024-06-03,0.12807158869077062
2024-06-04,0.1268997254222515
2024-06-05,0.1360247257615119
2024-06-06,0.11792880673062597
2024-06-07,0.11609426586821137
2024-06-10,0.11536012742249682
2024-06-11,0.11460831667829484
2024-06-12,0.10213777547358761
2024-06-13,0.09939819717180111
2024-06-14,0.09563550791874756
2024-06-17,0.10099258067725925
2024-06-18,0.10086633741010546
2024-06-20,0.10349230654692464
2024-06-21,0.10579117984905319
2024-06-24,0.10943637328252885
2024-06-25,0.09756966691012066
2024-06-26,0.0958512198060744
2024-06-27,0.09373358657806405
2024-06-28,0.0974807761782549
2024-07-01,0.09382873893689213
2024-07-02,0.10012833986872124
2024-07-03,0.10167794053188219
2024-07-05,0.10167627092495905
2024-07-08,0.08956095316842091
2024-07-09,0.09096811254848827
2024-07-10,0.0988044900437552
2024-07-11,0.12740481210552101
2024-07-12,0.12755979341753737
2024-07-15,0.12750434314594714
2024-07-16,0.12901622407443292
2024-07-17,0.15664962009717986
2024-07-18,0.15613344888911537
2024-07-19,0.1461653717250216
2024-07-22,0.17186685769433177
2024-07-23,0.15860850173594426
2024-07-24,0.2039670038647888
2024-07-25,0.20334579797218616
2024-07-26,0.23721490270115148
2024-07-29,0.21208934279764624
2024-07-30,0.005107614099545087
2024-07-31,0.005079281671743237
2024-08-01,0.005108517749897009
2024-08-02,0.0051270111742673045
2024-08-05,0.005174362001751634
2024-08-06,0.005203828082615767
2024-08-07,0.005137536359027551
2024-08-08,0.005229505931518121
2024-08-09,0.00521003967107431
2024-08-12,0.005101868352735572
2024-08-13,0.005113885402122907
2024-08-14,0.005087193175867859
2024-08-15,0.005068902590716946
2024-08-16,0.005071891333162079
2024-08-19,0.005061128945517361
2024-08-20,0.0050640205823323575
2024-08-21,0.005061421181434775
2024-08-22,0.005053348826895875
2024-08-23,0.005065468161646366
2024-08-26,0.00505806828641366
2024-08-27,0.005057015425882909
2024-08-28,0.005060215067815232
2024-08-29,0.005048912461644531
2024-08-30,0.005043633493966543
2024-09-03,0.005096417185882737
2024-09-04,0.0050936567006350944
2024-09-05,0.005092809172982257
2024-09-06,0.005107840966249833
2024-09-09,0.005114820839775156
2024-09-10,0.005086759711226351
2024-09-11,0.00509910184336938
2024-09-12,0.005100908842875529
2024-09-13,0.005018928177682319
2024-09-16,0.005022024386815095
2024-09-17,0.005027682005592804
2024-09-18,0.005028822432883339
2024-09-19,0.005058830380209447
2024-09-20,0.0050623638238665595
2024-09-23,0.00506170602235229
2024-09-24,0.0050604286099950975
2024-09-25,0.005059017182601912
2024-09-26,0.005017613601449588
2024-09-27,0.005017183091800528
2024-09-30,0.0050186744019148875
2024-10-01,0.005034807883091283
2024-10-02,0.005034524746205637
2024-10-03,0.005029681894745923
2024-10-04,0.00504595403059242
2024-10-07,0.005053821138748217
2024-10-08,0.005056695996529606
2024-10-09,0.005059587132845804
2024-10-10,0.005059469323997609
2024-10-11,0.005054541899566351
2024-10-14,0.00502596752234355
2024-10-15,0.005047408924066384
2024-10-16,0.005044155583627394
2024-10-17,0.0050418540325404765
2024-10-18,0.005039477561829376
2024-10-21,0.005029622297030475
2024-10-22,0.005012637706866065
2024-10-23,0.005028585260374664
2024-10-24,0.005030662531628226
2024-10-25,0.0050247247049736
2024-10-28,0.005029215781065015
2024-10-29,0.005030119560095527
2024-10-30,0.005010731509555704
2024-10-31,0.005071476772925016
2024-11-01,0.005078149182585796
2024-11-04,0.005072463487617952
2024-11-05,0.005100247798111348
2024-11-06,0.005163700312635585
2024-11-07,0.005082674694731695
2024-11-08,0.005082482058812489
2024-11-11,0.005073445277091592
2024-11-12,0.005089823698285664
2024-11-13,0.00502638864265557
2024-11-14,0.0050267204732298044
2024-11-15,0.005039862355410895
2024-11-18,0.005047064070312645
2024-11-19,0.0050541582873840155
2024-11-20,0.005053616547987133
2024-11-21,0.005055640536428509
2024-11-22,0.0050114070557118915
2024-11-25,0.0050111039660751585
2024-11-26,0.005012613821523217
2024-11-27,0.005022076400541891
2024-11-29,0.005021217828216917
2024-12-02,0.005021481379736694
2024-12-03,0.005022120289617531
2024-12-04,0.005023453203926567
2024-12-05,0.005017974769384676
2024-12-06,0.0050130621165615525
2024-12-09,0.005023487931439447
2024-12-10,0.005025745193333
2024-12-11,0.005030644558297813
2024-12-12,0.0050350171191287955
2024-12-13,0.005033459775145889
2024-12-16,0.0050333973798674155
2024-12-17,0.005035040947632553
2024-12-18,0.00511979565105517
2024-12-19,0.00512419674155793
2024-12-20,0.005153899267321859
2024-12-23,0.005157052945213601
2024-12-24,0.005173615086620428
2024-12-26,0.00504079629652007
2024-12-27,0.0050739420300672106
2024-12-30,0.005081299659832821
2024-12-31,0.0050730019366014255
2025-01-02,0.005035245257742065
2025-01-03,0.005078012701302229
2025-01-06,0.005074058197240177
2025-01-07,0.005074102863712391
2025-01-08,0.005071493784463167
2025-01-10,0.005102237407809283
2025-01-13,0.005074362884287688
2025-01-14,0.005064705815414279
2025-01-15,0.005105486501831015
2025-01-16,0.0051065137859314285
2025-01-17,0.005066649215987051
2025-01-21,0.005060094562241714
2025-01-22,0.005054421565775626
2025-01-23,0.005031716843208514
2025-01-24,0.005034945643511763
2025-01-27,0.005075138185395335
2025-01-28,0.005074105379456157
2025-01-29,0.0050706782748221844
2025-01-30,0.07195276069784111
2025-01-31,0.07229285928511664
2025-02-03,0.06837572225844663
2025-02-04,0.067302459189374
2025-02-05,0.06719395112835379
2025-02-06,0.06659280608952414
2025-02-07,0.06844017330212529
2025-02-10,0.06737368637874595
2025-02-11,0.06664240162233138
2025-02-12,0.06668645705992131
2025-02-13,0.06934132663026013
2025-02-14,0.06557769634432453
2025-02-18,0.0649098491044946
2025-02-19,0.06476164642613169
2025-02-20,0.06515630126703355
2025-02-21,0.07021688682969462
2025-02-24,0.0698728167012677
2025-02-25,0.0679075297937252
2025-02-26,0.06700235830763003
2025-02-27,0.06920488949058401
2025-02-28,0.07744614853390423
2025-03-03,0.08317805780478592
2025-03-04,0.08445330079526574
2025-03-05,0.09025300629867988
2025-03-06,0.09171434265106222
2025-03-07,0.08334098240477028
2025-03-10,0.09129672342364875
2025-03-11,0.09071898604308475
2025-03-12,0.08618982060983948
2025-03-13,0.08448065135784444
2025-03-14,0.10036204157200028
2025-03-17,0.08499300069587401
2025-03-18,0.08657926941605036
2025-03-19,0.08850929831751765
2025-03-20,0.08158271436031124
2025-03-21,0.07288462541623685
2025-03-24,0.07955568715567596
2025-03-25,0.07302139786894084
2025-03-26,0.07836798144792032
2025-03-27,0.0780986869393847
2025-03-28,0.08830889931024999
2025-03-31,0.07811613178406707
2025-04-01,0.07820288076744691
2025-04-02,0.07852278095307669
2025-04-03,0.130044395862455
2025-04-04,0.171852396653784
2025-04-07,0.16525250640195566
2025-04-08,0.15472019915178065
2025-04-09,0.22987375813102262
2025-04-10,0.2297070747235999
2025-04-11,0.22634063446359853
2025-04-14,0.2260501384794744
2025-04-15,0.22506773458406593
2025-04-16,0.1521570570564315
2025-04-17,0.1083923891242325
2025-04-21,0.10763553060063476
2025-04-22,0.13181445372929973
2025-04-23,0.1407866068879782
2025-04-24,0.13113148772997402
2025-04-25,0.12977524194561374
2025-04-28,0.0920575507744434
2025-04-29,0.08542661270393401
2025-04-30,0.08624699776255537
2025-05-01,0.0742561420648041
2025-05-02,0.0783438157225411
2025-05-05,0.080355607145533
2025-05-06,0.08516012130826822
2025-05-07,0.08490631370599012
2025-05-08,0.07685498292709256
2025-05-09,0.06892247179430336
2025-05-12,0.09294896334546739
2025-05-13,0.0853330674106986
2025-05-14,0.08638782350901307
2025-05-15,0.0858259161110993
2025-05-16,0.08285276597365895
2025-05-19,0.06267132220746521
2025-05-20,0.06380263181227198
2025-05-21,0.07342395247423386
2025-05-22,0.07193860304242941
2025-05-23,0.06927523760597146
2025-05-27,0.08496623378485939
2025-05-28,0.08546594905155677
2025-05-29,0.07772890386500765
2025-05-30,0.07795333730064374
2025-06-02,0.07502059975349301
2025-06-03,0.06576851614417353
2025-06-04,0.06332006148194788
2025-06-05,0.06509464726353563
2025-06-06,0.06707333250162915
2025-06-09,0.0669217097636967
2025-06-10,0.06606261439929587
2025-06-11,0.0666670567141592
2025-06-12,0.06481646717702215
2025-06-13,0.06762659649515944
2025-06-16,0.07026038329773407
2025-06-17,0.07119048753773127
2025-06-18,0.07118422749272223
2025-06-20,0.06990553773170236
2025-06-23,0.06970882239536659
2025-06-24,0.07046052982119687
2025-06-25,0.06637749763743986
2025-06-26,0.06596707737654457
2025-06-27,0.06348788352948664
2025-06-30,0.06308116426418744
2025-07-01,0.06243356299987532
2025-07-02,0.061899435941775834
2025-07-03,0.0619414377492298
2025-07-07,0.06608628902014892
2025-07-08,0.06576831568779305
2025-07-09,0.06635061074931321
2025-07-10,0.06614506081781066
2025-07-11,0.06494615146007006
2025-07-14,0.0626882414073008
2025-07-15,0.06358080435103304
2025-07-16,0.06259905207037127
2025-07-17,0.06359939853604839
2025-07-18,0.06291417350133553
2025-07-21,0.06289326896425945
2025-07-22,0.06131485963662096
2025-07-23,0.0628429153845354
2025-07-24,0.06253965400534423
2025-07-25,0.062177705757642095
2025-07-28,0.06255343328643904
2025-07-29,0.06337761929844989
2025-07-30,0.061093543046622074
2025-07-31,0.06169501097577831
