Date,prob,target,fwd_ret_5
2021-12-22,0.5788139289279035,1,0.018102366439584072
2021-12-23,0.5748809484983314,1,0.009251361313096451
2021-12-27,0.5579140562177373,1,0.0009508751125457682
2021-12-28,0.5612691682790594,1,0.0014263798961753338
2021-12-29,0.5967993589718823,0,-0.019052636200008743
2021-12-30,0.5980231209307513,0,-0.017256635220264216
2021-12-31,0.6099553187543258,0,-0.018666325366474723
2022-01-03,0.6358284070325854,0,-0.02555709374444659
2022-01-04,0.6476634931774968,0,-0.016341597771959315
2022-01-05,0.6252153679236502,1,0.005632132468113671
2022-01-06,0.6151998368254298,0,-0.007288153055693747
2022-01-07,0.6137274358576978,0,-0.0029255020125474873
2022-01-10,0.5889124367264424,0,-0.01936940790806796
2022-01-11,0.5974878434236555,0,-0.038306474104252475
2022-01-12,0.5866866556175749,0,-0.05153788129955028
2022-01-13,0.5876976050578138,0,-0.05715845712326051
2022-01-14,0.5907213768715758,0,-0.05355777622916991
2022-01-18,0.5987518829574702,0,-0.04824004536782134
2022-01-19,0.6191850037774335,0,-0.04068607435178817
2022-01-20,0.6402393784958267,0,-0.034718654326635456
2022-01-21,0.6228197145211093,1,0.009071765297087753
2022-01-24,0.6098819843320369,1,0.022894669745342044
2022-01-25,0.6158750324615662,1,0.04252665605249173
2022-01-26,0.5911866472243656,1,0.055325941063374406
2022-01-27,0.5832296641681061,1,0.0356198475657179
2022-01-28,0.5516914954435028,1,0.015274579599270588
2022-01-31,0.5339013000552326,0,-0.0058820925806428725
2022-02-01,0.5377016595587939,0,-0.004424195164391631
2022-02-02,0.5361181895690101,1,0.00041478371664549485
2022-02-03,0.5740248630315885,1,0.006087601381796315
2022-02-04,0.6091032100236694,0,-0.01837560321590581
2022-02-07,0.6220123592158141,0,-0.018413849989689424
2022-02-08,0.6324803313962815,0,-0.010747065126192057
2022-02-09,0.6209456893952655,0,-0.023916912723082828
2022-02-10,0.6134303313353281,0,-0.027282100087239303
2022-02-11,0.60253483395757,0,-0.014148552664453695
2022-02-14,0.5800272951550285,0,-0.02152375586675137
2022-02-15,0.5732249947648799,0,-0.05412644226364016
2022-02-16,0.574884662224932,0,-0.04097044908380898
2022-02-17,0.6112242072092349,1,0.0015850938826407202
2022-02-18,0.6021951023455646,1,0.0055248618784529135
2022-02-22,0.6093379804232784,1,0.0009344426281503448
2022-02-23,0.6270657363705264,1,0.03777990288006561
2022-02-24,0.5843357493401344,1,0.017310487600757707
2022-02-25,0.5886732123205197,0,-0.012742086474761272
2022-02-28,0.5953679459586766,0,-0.039376089179496754
2022-03-01,0.5946072320546688,0,-0.03191201526862686
2022-03-02,0.5399275614471427,0,-0.02393700410478583
2022-03-03,0.5473850141894305,0,-0.023484104991725485
2022-03-04,0.6054758136360965,0,-0.027993277539171912
2022-03-07,0.6238598655121621,0,-0.005817178668345968
2022-03-08,0.624384769492133,1,0.023831645101105137
2022-03-09,0.6330450689192673,1,0.01921511314258817
2022-03-10,0.6060600371116444,1,0.03663862648257865
2022-03-11,0.5869286429279654,1,0.06149109544268305
2022-03-14,0.58030097458174,1,0.06902072557092098
2022-03-15,0.5685639253656496,1,0.058237790992214045
2022-03-16,0.5263296657257472,1,0.02195168896160138
2022-03-17,0.5217958302161648,1,0.024536699307811327
2022-03-18,0.525211823512509,1,0.018378101407444447
2022-03-21,0.5692842112055746,1,0.02592358350163515
2022-03-22,0.5979951232655808,1,0.02659264199745759
2022-03-23,0.6044871007397618,1,0.03356687478223197
2022-03-24,0.6054471832917387,1,0.0025558660837496916
2022-03-25,0.617108878409909,1,0.0005031492991682818
2022-03-28,0.627701667341416,1,0.0019502558708202056
2022-03-29,0.6081608571187856,0,-0.022791171477079764
2022-03-30,0.5719841261666073,0,-0.02654764453717573
2022-03-31,0.5785504737061382,0,-0.00635949540446068
2022-04-01,0.5812036096755411,0,-0.01180652796264725
2022-04-04,0.6117535357150063,0,-0.03694613955956494
2022-04-05,0.6245177719752194,0,-0.028247645257388543
2022-04-06,0.6299212008866141,0,-0.007192881060072542
2022-04-07,0.6104768005532117,0,-0.02446696063960052
2022-04-08,0.6218198882008286,0,-0.021453366357666592
2022-04-11,0.639188253626774,1,0.011635170086284008
2022-04-12,0.6136926303415532,1,0.014648809977877653
2022-04-13,0.5977903407522279,0,-0.011843230974821761
2022-04-14,0.6188466309975523,0,-0.026837132376631545
2022-04-18,0.6143810333766964,0,-0.021596875812596505
2022-04-19,0.5733679006826388,0,-0.06502875924404272
2022-04-20,0.5840318787937469,0,-0.061703392359145015
2022-04-21,0.6179214559216702,0,-0.023397922092790124
2022-04-22,0.6042825623747489,0,-0.032952884511629255
2022-04-25,0.5989952897018728,0,-0.032740997932352855
2022-04-26,0.6459944231022877,1,0.0006729424408224993
2022-04-27,0.6306927879383363,1,0.02825950872624383
2022-04-28,0.5826624302626645,0,-0.03272130474920509
2022-04-29,0.6003983111327192,0,-0.0016078026612431628
2022-05-02,0.5873784621271515,0,-0.03934711368792532
2022-05-03,0.5433357132836849,0,-0.041526250944120546
2022-05-04,0.5062022563919651,0,-0.08463044494662209
2022-05-05,0.568713557752925,0,-0.051888602736959055
2022-05-06,0.5764379095369261,0,-0.023381162479393813
2022-05-09,0.5926325354193039,1,0.004817746942331391
2022-05-10,0.631532086814469,1,0.023127470743775635
2022-05-11,0.6511862357929703,0,-0.0022665481960723044
2022-05-12,0.5886787177593297,0,-0.007336708307923323
2022-05-13,0.6076463256310686,0,-0.030091966459291353
2022-05-16,0.5769159838759643,0,-0.007920569716943437
2022-05-17,0.5361057967560136,0,-0.03533996581406529
2022-05-18,0.5088553352375551,1,0.014056792427676212
2022-05-19,0.556585809743573,1,0.04069439898699945
2022-05-20,0.5795013206865265,1,0.06577317265457827
2022-05-23,0.5976991570552753,1,0.04033230322142489
2022-05-24,0.6222055945908295,1,0.039857503985485154
2022-05-25,0.5997257345753553,1,0.05039151035175471
2022-05-26,0.5629932974511894,1,0.0129072006558002
2022-05-27,0.5275748441871064,0,-0.008355852115759177
2022-05-31,0.5469175577258623,1,0.006803874337071303
2022-06-01,0.5198473759303559,1,0.003984500751239128
2022-06-02,0.5471599659716548,0,-0.03821901588787624
2022-06-03,0.605124186411583,0,-0.0505204489349248
2022-06-06,0.6239931698420396,0,-0.08933460196638121
2022-06-07,0.6092312032297309,0,-0.10070996845980817
2022-06-08,0.6229232205797861,0,-0.07786707183527652
2022-06-09,0.6484243519100418,0,-0.08665891067333997
2022-06-10,0.6264115077993492,0,-0.057355144620844456
2022-06-13,0.6082813969028826,1,0.004510804756544751
2022-06-14,0.6335105487605397,1,0.0057261508193788835
2022-06-15,0.6045947842756217,1,0.0013060225826182492
2022-06-16,0.6096576945619812,1,0.0685050566648524
2022-06-17,0.6098769994370999,1,0.06212732561611234
2022-06-21,0.5586910926757315,1,0.01487511614683723
2022-06-22,0.5312027129534032,1,0.01589136408979641
2022-06-23,0.5470500984519262,0,-0.002143596178399987
2022-06-24,0.5081645213357303,0,-0.02266356947218806
2022-06-27,0.5457716912200451,0,-0.01705887077343171
2022-06-28,0.6101704904075923,1,0.006829772231605524
2022-06-29,0.6126945241036743,1,0.022746170678336952
2022-06-30,0.5953301154685683,1,0.03027060714945562
2022-07-01,0.6417977124600399,1,0.007839766416984029
2022-07-05,0.6346537713487966,0,-0.002960578279650683
2022-07-06,0.5797463827086377,0,-0.01153375298930226
2022-07-07,0.5573371814981749,0,-0.028487681725307246
2022-07-08,0.5371053578465159,0,-0.009105849477792027
2022-07-11,0.5266660426704466,0,-0.005926820419236645
2022-07-12,0.5543944373009283,1,0.03003788882484537
2022-07-13,0.605596196019218,1,0.042081790920175166
2022-07-14,0.6203203305269294,1,0.055251827871740655
2022-07-15,0.6099415644433862,1,0.02586411816187839
2022-07-18,0.6232258881348798,1,0.035661271037099374
2022-07-19,0.5905173863806208,0,-0.003516616410346285
2022-07-20,0.5715367453945918,1,0.015879959522705267
2022-07-21,0.5492104914654913,1,0.01825557280185741
2022-07-22,0.5706175921071482,1,0.042772243857611913
2022-07-25,0.5713286052962995,1,0.038420269196985046
2022-07-26,0.6150266147698452,1,0.04392653450115902
2022-07-27,0.610542839784528,1,0.0334398622042138
2022-07-28,0.6191616393298466,1,0.01994194700422458
2022-07-29,0.5834978760112018,1,0.0035907005401201175
2022-08-01,0.6051788448118113,1,0.005404570331593472
2022-08-02,0.5740499898810122,1,0.008058718253340924
2022-08-03,0.5745386685039716,1,0.013363822796312208
2022-08-04,0.5761891427664357,1,0.01405616941753296
2022-08-05,0.6037729901681286,1,0.03296556756280755
2022-08-08,0.6157077794717147,1,0.03842462561557736
2022-08-09,0.6444651764951198,1,0.04461226027864962
2022-08-10,0.6097157599565681,1,0.015857799971762176
2022-08-11,0.6073451928321342,1,0.018815346545689726
2022-08-12,0.57124917149159,0,-0.011606466494701095
2022-08-15,0.5898737648407109,0,-0.03616348768554156
2022-08-16,0.5885133800995193,0,-0.04037555048214858
2022-08-17,0.592412906189203,0,-0.030423173987784047
2022-08-18,0.5970676929536338,0,-0.019588679070966175
2022-08-19,0.6275532242401067,0,-0.03987362672568029
2022-08-22,0.6482642085532826,0,-0.025933038197372027
2022-08-23,0.6753743063845391,0,-0.034291192572596274
2022-08-24,0.6358984962802613,0,-0.04469643243351984
2022-08-25,0.6217553524309257,0,-0.05504002460000201
2022-08-26,0.5941112243531184,0,-0.03225086113520981
2022-08-29,0.5928183586755258,0,-0.029486314908262146
2022-08-30,0.5934024035521488,0,-0.0010763419005273
2022-08-31,0.6032602214681594,1,0.01315993839916807
2022-09-01,0.6024926016847807,1,0.025681197301191228
2022-09-02,0.5948555899444874,1,0.04775923848322572
2022-09-06,0.6212159460683018,1,0.0059928384116714195
2022-09-07,0.600500792924521,0,-0.00799757300596804
2022-09-08,0.5693831554213964,0,-0.025627234555583245
2022-09-09,0.5365046106108852,0,-0.047840181351591404
2022-09-12,0.5529747976058761,0,-0.050660179625560686
2022-09-13,0.5721498793786384,0,-0.018895587324607055
2022-09-14,0.5967904131906512,0,-0.03966960886667292
2022-09-15,0.6150807293585274,0,-0.0368052351860394
2022-09-16,0.6147049128538701,0,-0.04567843179405873
2022-09-19,0.6337348097603063,0,-0.06238417624143078
2022-09-20,0.621214050667856,0,-0.0539212248399088
2022-09-21,0.6042060508106033,0,-0.01818476312314532
2022-09-22,0.5909228038663729,0,-0.030545488774885943
2022-09-23,0.5591521378218632,0,-0.029272468224335935
2022-09-26,0.576346893779108,1,0.006313364710566427
2022-09-27,0.6128517745599438,1,0.040149856302176046
2022-09-28,0.5758215386404303,1,0.01770789935045869
2022-09-29,0.5982395345568332,1,0.028694961818109155
2022-09-30,0.5915212376761912,1,0.015709934735315345
2022-10-03,0.5612787358604565,0,-0.017979115739497842
2022-10-04,0.5377095503007883,0,-0.05351983728873022
2022-10-05,0.5677780957826125,0,-0.054449542544715346
2022-10-06,0.5645560157281183,0,-0.019366265608776967
2022-10-07,0.5781489159432768,0,-0.01422182621956447
2022-10-10,0.6060147720076665,1,0.01888671138699194
2022-10-11,0.6451345804621317,1,0.0374290819680676
2022-10-12,0.6160456871766483,1,0.03348810990492579
2022-10-13,0.5956559552819987,0,-0.0015372072087375122
2022-10-14,0.6164186479908114,1,0.04658358102588189
2022-10-17,0.5499480430134617,1,0.032847911064916246
2022-10-18,0.4951394527229427,1,0.03715345726193897
2022-10-19,0.5129346169413763,1,0.03669059286937282
2022-10-20,0.5537862680421474,1,0.03987297806886958
2022-10-21,0.5510745976746966,1,0.03935604236213752
2022-10-24,0.5869542541811739,1,0.019377279961497074
2022-10-25,0.5975924057188556,0,-0.0010362666408272325
2022-10-26,0.5922551661318098,0,-0.018713031592478946
2022-10-27,0.5769117670292644,0,-0.02360684702174176
2022-10-28,0.6164041637665512,0,-0.03256863141971422
2022-10-31,0.5912732105531103,0,-0.01621366411640357
2022-11-01,0.5816056379819043,0,-0.006558154448040088
2022-11-02,0.5995094262338558,0,-0.0019733187407241504
2022-11-03,0.6280146277632798,1,0.06382016196593132
2022-11-04,0.6169974531392256,1,0.05888150197519648
2022-11-07,0.6048371289019211,1,0.03992877555027152
2022-11-08,0.5834443299306162,1,0.04316977979805103
2022-11-09,0.6004133707130977,1,0.05698216347791418
2022-11-10,0.5245977593847658,0,-0.001126120213989168
2022-11-11,0.5301978233541165,0,-0.006226536745666089
2022-11-14,0.5545606984976482,0,-0.0013346583772755327
2022-11-15,0.5527357325478379,1,0.0035385207371354532
2022-11-16,0.5945044577305159,1,0.017624250045848555
2022-11-17,0.6584978433443851,1,0.02051113593062226
2022-11-18,0.6333976743935817,0,-0.00029823492016989306
2022-11-21,0.6253433527027612,1,0.0016200093472176214
2022-11-22,0.6064654727523177,1,0.019459305413422667
2022-11-23,0.6299469345343244,1,0.012324383330286848
2022-11-25,0.5751975065272386,1,0.01138464707851572
2022-11-28,0.5619927493463969,1,0.009289910633676568
2022-11-29,0.5816030409945272,0,-0.0035493434763118614
2022-11-30,0.534514801503677,0,-0.03561916766625317
2022-12-01,0.5902346667963309,0,-0.02734204128137052
2022-12-02,0.6079047500451168,0,-0.033497050293952
2022-12-05,0.6060804176275015,0,-0.0015997510922125535
2022-12-06,0.6201063231554008,1,0.020672147319960477
2022-12-07,0.6290310417262565,1,0.015871719194687328
2022-12-08,0.632081965194188,0,-0.016681788350463966
2022-12-09,0.6130169222749771,0,-0.020972352112119563
2022-12-12,0.6041254577788716,0,-0.043072911797396696
2022-12-13,0.5829951163558984,0,-0.048966062946056876
2022-12-14,0.5486910998382114,0,-0.02853674290472441
2022-12-15,0.5779272168873739,0,-0.018382069438646065
2022-12-16,0.584415300749398,0,-0.0009417868117557182
2022-12-19,0.6272298616394796,1,0.0036338274325475872
2022-12-20,0.6481923822123882,0,-0.010190116129381921
2022-12-21,0.6239568001533783,0,-0.00722025516552649
2022-12-22,0.5977014896361255,1,0.004493986347383183
2022-12-23,0.598812425666386,0,-0.005459432671485964
2022-12-27,0.5857922186216292,1,0.006184072835236476
2022-12-28,0.5813864389869314,1,0.007217468683688111
2022-12-29,0.565083761361513,1,0.012100656808266885
2022-12-30,0.5786122263600006,1,0.014198301597275087
2023-01-03,0.59807548550818,1,0.025629845879698854
2023-01-04,0.6018162088767419,1,0.03064164167392258
2023-01-05,0.6076543983918917,1,0.0463381549009001
2023-01-06,0.5727982767288218,1,0.026851130888633223
2023-01-09,0.5920119316253061,1,0.02554482509226652
2023-01-10,0.5803302103109057,1,0.002328891189028237
2023-01-11,0.5709780698185215,0,-0.017391984563635887
2023-01-12,0.5656092613589123,0,-0.0027201375916778847
2023-01-13,0.5644532770923324,1,0.005346777052854357
2023-01-17,0.5862619667040738,1,0.0061111096706949475
2023-01-18,0.6088824377350835,1,0.022636807401416714
2023-01-19,0.62399667733423,1,0.04144995223437009
2023-01-20,0.6262562764934404,1,0.02475381649559738
2023-01-23,0.5875597862102236,0,-0.00010296884934879458
2023-01-24,0.607183998337121,1,0.015696511771739585
2023-01-25,0.5816383590466597,1,0.02610021741594437
2023-01-26,0.5610056190114894,1,0.029722774295469545
2023-01-27,0.5838858842114019,1,0.016442869417991446
2023-01-30,0.5928560051731947,1,0.02306997196384386
2023-01-31,0.5847422263492783,1,0.021423913898396263
2023-02-01,0.602651310049878,0,-0.00036653210419546056
2023-02-02,0.6114875996447635,0,-0.023247757500773236
2023-02-03,0.6146698516493492,0,-0.010456944201285512
2023-02-06,0.5985951141078136,1,0.007315268704641387
2023-02-07,0.5978860044367539,0,-0.006140348698280951
2023-02-08,0.6191555923837994,1,0.008109357027690889
2023-02-09,0.6190173467231705,1,0.002920983963721868
2023-02-10,0.6094232440774878,0,-0.001913312051843974
2023-02-13,0.6133638014395311,0,-0.03328295382155666
2023-02-14,0.6033528571782414,0,-0.034173016987785854
2023-02-15,0.6002967414380962,0,-0.03217400619315369
2023-02-16,0.5928116918932458,0,-0.029144974651601485
2023-02-17,0.6010052003465449,0,-0.023393738034703127
2023-02-21,0.6285631702719573,0,-0.0070935364832598324
2023-02-22,0.6142101180197682,0,-0.009533223958306247
2023-02-23,0.6217249191460043,0,-0.007117190395782624
2023-02-24,0.6228488467472929,1,0.019706253496207804
2023-02-27,0.6192757276375107,1,0.016947834068880452
2023-02-28,0.5965679694766111,1,0.0050751248610847455
2023-03-01,0.5902743093574135,1,0.010591659394806996
2023-03-02,0.5782006424206758,0,-0.015710430325796998
2023-03-03,0.5609785372916652,0,-0.045226181940655974
2023-03-06,0.5736077081534705,0,-0.0472500573701522
2023-03-07,0.6022438806645479,0,-0.01642252127910271
2023-03-08,0.5984147949955274,0,-0.02416702860333808
2023-03-09,0.6056090305372774,1,0.011623221157265107
2023-03-10,0.6253218651100095,1,0.01442567224487834
2023-03-13,0.625108368709521,1,0.025643701877915426
2023-03-14,0.5969463205016122,1,0.022220174549475447
2023-03-15,0.5997951508015302,1,0.011116409685794526
2023-03-16,0.5602057215344403,0,-0.003634621593193166
2023-03-17,0.5449338102728041,1,0.0147711226790872
2023-03-20,0.5400552848819268,1,0.006985160773508081
2023-03-21,0.5704570867399332,0,-0.008300817719399833
2023-03-22,0.5752400272828121,1,0.02356310394700989
2023-03-23,0.6034614231573976,1,0.02678160799397955
2023-03-24,0.6153488121287854,1,0.03446530235021372
2023-03-27,0.6264178871695707,1,0.036471478396965074
2023-03-28,0.620533971856065,1,0.03304229039194695
2023-03-29,0.6041763740340752,1,0.015574083128332639
2023-03-30,0.5775103901973843,1,0.013600144552434523
2023-03-31,0.5708784802920884,1,0.0005395570612960476
2023-04-03,0.5656527362814343,0,-0.002995052413417132
2023-04-04,0.5637676685289904,0,-0.0015159323738292985
2023-04-05,0.601214632997232,1,0.014400112922292818
2023-04-06,0.6139249383575552,1,0.007989334163567952
2023-04-10,0.6283327449517682,1,0.010567107276330034
2023-04-11,0.63563382163919,1,0.010960518562168398
2023-04-12,0.628732147250316,1,0.014925523450797229
2023-04-13,0.6054769444048762,0,-0.003846478782246532
2023-04-14,0.6003777252311163,0,-0.000632685951133749
2023-04-17,0.5949557818605158,0,-0.0031620514118783083
2023-04-18,0.5904608203620262,0,-0.019627151099051
2023-04-19,0.5942432554860368,0,-0.02361944926817172
2023-04-20,0.6212257053851734,1,0.0012896048371406899
2023-04-21,0.6171936682585587,1,0.009052638400434798
2023-04-24,0.6202277743019619,1,0.006979077706042114
2023-04-25,0.6250569191966228,1,0.01172160616111717
2023-04-26,0.6413171792864171,1,0.009052820399462425
2023-04-27,0.595754005692216,0,-0.017655045277331527
2023-04-28,0.5927238849398049,0,-0.007933979018923454
2023-05-01,0.5919321889397337,0,-0.0066686117814613866
2023-05-02,0.5766726104531897,1,0.00022256343057769357
2023-05-03,0.5865900506756416,1,0.011839593898404166
2023-05-04,0.6136580586862342,1,0.017282566797184096
2023-05-05,0.6017794128997379,0,-0.0025247180855964
2023-05-08,0.6093011092060303,1,0.0006546604104695763
2023-05-09,0.6254399016994914,0,-0.0016576036002250438
2023-05-10,0.6131429245662038,1,0.005763430585003171
2023-05-11,0.5852004778795417,1,0.017225777341247417
2023-05-12,0.5896835432102212,1,0.017086229921495555
2023-05-15,0.5901201878441512,1,0.013992606928392659
2023-05-16,0.6049381382039208,1,0.009361101093881441
2023-05-17,0.5982624916677766,0,-0.009971298495645375
2023-05-18,0.5994942716190291,0,-0.010925051402636332
2023-05-19,0.5760664521243662,1,0.00334265940214995
2023-05-22,0.5897417355529996,1,0.0033216967639215778
2023-05-23,0.604660399933557,1,0.009078278129264428
2023-05-24,0.616619678594886,1,0.02610151700697272
2023-05-25,0.6096056555845031,1,0.03199990089074434
2023-05-26,0.5943473590447232,1,0.016855746510706426
2023-05-30,0.5970769400004021,1,0.018683202233866547
2023-05-31,0.600893513895464,1,0.02082324217069198
2023-06-01,0.5837049685496087,1,0.017329397380253075
2023-06-02,0.5722517053124305,1,0.004628940481621102
2023-06-05,0.5870245665962496,1,0.015686302809871044
2023-06-06,0.5888276020733336,1,0.020164755243412547
2023-06-07,0.6036622119494989,1,0.024919432147175513
2023-06-08,0.6211510235483675,1,0.031391777135620025
2023-06-09,0.6180009516977107,1,0.026037310186933338
2023-06-12,0.6001417725857998,1,0.011538625501499311
2023-06-13,0.5947034260352958,0,-0.00023998927106794188
2023-06-14,0.6081970877429218,1,0.0021784905199238036
2023-06-15,0.5871793452321062,0,-0.017581203386250244
2023-06-16,0.5724652774234176,0,-0.018253896159857397
2023-06-20,0.6001965901560268,0,-0.0023109017433610157
2023-06-21,0.6103319758792467,1,0.0033347689078102594
2023-06-22,0.6257637508285379,1,0.003662788925339555
2023-06-23,0.6371865569381963,1,0.023245208835920295
2023-06-26,0.6400864822690673,1,0.02862897868544434
2023-06-27,0.6135880129620941,1,0.015955636805681017
2023-06-28,0.604538160404796,1,0.007489433167422677
2023-06-29,0.6115399872427912,1,0.0010069787599911173
2023-06-30,0.5709332018358445,0,-0.008169674298315499
2023-07-03,0.5861925120657794,0,-0.0029961043723748526
2023-07-05,0.6005963420610005,1,0.00652086538328267
2023-07-06,0.6105152485922464,1,0.022522449112628573
2023-07-07,0.6144462336570035,1,0.024467608368888394
2023-07-10,0.6352386086712153,1,0.025430298910196658
2023-07-11,0.6370257023133774,1,0.02650926285788313
2023-07-12,0.6074215229164681,1,0.020585623110976448
2023-07-13,0.5984847096786913,1,0.005821935742404971
2023-07-14,0.5949580339036173,1,0.00644981967388647
2023-07-17,0.5791113315260316,1,0.007453740492677996
2023-07-18,0.5720364360539631,1,0.002751716724172626
2023-07-19,0.5888708437132121,1,0.0006813413655160083
2023-07-20,0.6155935863135212,1,0.0006881595805849905
2023-07-21,0.6198447447645302,1,0.010483115189764636
2023-07-24,0.6283737876362,1,0.007905654977204746
2023-07-25,0.6301537063056057,1,0.0022856808946742913
2023-07-26,0.6162282398140374,0,-0.01181311149761577
2023-07-27,0.6045434107212505,0,-0.008066741769254149
2023-07-28,0.6019281040715515,0,-0.02212420108918467
2023-07-31,0.6015003448457057,0,-0.015465934473807175
2023-08-01,0.6009360445761973,0,-0.01693645856924708
2023-08-02,0.6014227114043116,0,-0.009732647803218697
2023-08-03,0.6217852827427127,0,-0.006526855433116707
2023-08-04,0.6255005913784312,0,-0.0025955698913892045
2023-08-07,0.6260272530252173,0,-0.005770750629082166
2023-08-08,0.6193395239087646,0,-0.013054050108574744
2023-08-09,0.6093844386159192,0,-0.013704512523049384
2023-08-10,0.6074294089829883,0,-0.021575450951945907
2023-08-11,0.5991564457793747,0,-0.020529192888970482
2023-08-14,0.6012455694944836,0,-0.01957134013883599
2023-08-15,0.5983014097880377,0,-0.010705247466401668
2023-08-16,0.6118792371484234,1,0.007706474136746744
2023-08-17,0.6182166189891101,1,0.0013748284397105959
2023-08-18,0.6192259458662062,1,0.007947153422974251
2023-08-21,0.6095628442447977,1,0.0077839777267803
2023-08-22,0.605517264874193,1,0.02512772951013087
2023-08-23,0.59387149712624,1,0.018016769134441946
2023-08-24,0.5945663640385551,1,0.03081151114870151
2023-08-25,0.5777858523598783,1,0.025498393554676202
2023-08-28,0.5758542164250302,1,0.014638567029471306
2023-08-29,0.5682592943314649,0,-0.0065472677178454175
2023-08-30,0.5932178470132139,0,-0.013658120317645572
2023-08-31,0.5969604592379852,0,-0.010723409671524409
2023-09-01,0.6044451597080708,0,-0.0060709043514953764
2023-09-05,0.6012811448668149,0,-0.007238748837972264
2023-09-06,0.6180622071381265,1,0.0006491778609705179
2023-09-07,0.6129527260490659,1,0.012386130662979111
2023-09-08,0.6295604408211987,0,-0.001316472680320091
2023-09-11,0.6174254462121374,0,-0.007253803225180544
2023-09-12,0.6065177499530705,0,-0.003851176582643112
2023-09-13,0.5917861226251653,0,-0.014155733702566842
2023-09-14,0.5759596114388302,0,-0.03874249401111873
2023-09-15,0.587976394953738,0,-0.029207625822154526
2023-09-18,0.6062534427745288,0,-0.025697974649202093
2023-09-19,0.604613903559319,0,-0.03801784656927021
2023-09-20,0.6190363152015085,0,-0.028701714243193677
2023-09-21,0.6297242648675112,0,-0.006653488943953567
2023-09-22,0.6292021139330674,0,-0.006829626645496911
2023-09-25,0.62127871963463,0,-0.011386161978478304
2023-09-26,0.6262574770514495,0,-0.010071084371976236
2023-09-27,0.6067911309017605,0,-0.0032654937383440608
2023-09-28,0.5766616307183671,0,-0.009380608489914954
2023-09-29,0.5830629469646214,1,0.004817431514448689
2023-10-02,0.5883515428620057,1,0.011653359112988815
2023-10-03,0.5844978612225598,1,0.030719019081743903
2023-10-04,0.591778687390266,1,0.02745852518512648
2023-10-05,0.6178795671928742,1,0.021574747525715976
2023-10-06,0.5941390405157206,1,0.004561623472532972
2023-10-09,0.5841948061668298,1,0.008675914368701632
2023-10-10,0.5892720262634047,1,0.0034035641184533283
2023-10-11,0.5913381160368371,0,-0.014005222444824161
2023-10-12,0.5778089751384344,0,-0.016669018722363482
2023-10-13,0.5941776832644485,0,-0.023893552192093992
2023-10-16,0.5916687646509605,0,-0.03572915643260488
2023-10-17,0.6122697428191824,0,-0.02841810262144595
2023-10-18,0.6159050250972891,0,-0.029425432336442348
2023-10-19,0.6216183061456867,0,-0.032549339469422844
2023-10-20,0.6127779793699029,0,-0.024953079782532472
2023-10-23,0.616404974774517,0,-0.011581194507787052
2023-10-24,0.6132837367801395,0,-0.012814030424293188
2023-10-25,0.605741050198285,1,0.012235964305867153
2023-10-26,0.6070608192259606,1,0.044142262000420374
2023-10-27,0.6076717910268998,1,0.05846544354508221
2023-10-30,0.5844498729806957,1,0.04836223695900799
2023-10-31,0.5914083325120154,1,0.04478736792811766
2023-11-01,0.5794305337796625,1,0.034519373708902235
2023-11-02,0.5648146823769684,1,0.0071462567395734755
2023-11-03,0.5629610176897295,1,0.013618946385371311
2023-11-06,0.5769177796100923,1,0.010326558992019175
2023-11-07,0.5677049012796571,1,0.027004881328393626
2023-11-08,0.5927844472100119,1,0.028426798544368692
2023-11-09,0.6271619623130715,1,0.03777945487930756
2023-11-10,0.628311858973938,1,0.023103188841946842
2023-11-13,0.6194639051309486,1,0.031969913940522954
2023-11-14,0.5876835562848752,1,0.010121949833498123
2023-11-15,0.588596513786356,1,0.011874356380396689
2023-11-16,0.5689461715891254,1,0.01125947540359662
2023-11-17,0.57731430485496,1,0.008186353814302327
2023-11-20,0.5783141047315064,1,0.0014729689980443883
2023-11-21,0.598360226220073,1,0.002954625237405306
2023-11-22,0.61029086746468,1,0.0030351870988856167
2023-11-24,0.6445416041958242,1,0.00834722296897672
2023-11-27,0.6339290080443473,1,0.004861156308842762
2023-11-28,0.638791459849,1,0.00366803807046856
2023-11-29,0.6180759941316685,1,0.00032757386678494704
2023-11-30,0.6118460202298653,1,0.0040115765831201244
2023-12-01,0.6004513519148,1,0.0023972344046461203
2023-12-04,0.606802805466571,1,0.01160497521993853
2023-12-05,0.6021910950328035,1,0.01642574237519856
2023-12-06,0.6105502367553858,1,0.03461277074870983
2023-12-07,0.6063535575031974,1,0.03007011686143568
2023-12-08,0.6115087853380008,1,0.023972640691873215
2023-12-11,0.6093886666462551,1,0.025745416008919664
2023-12-12,0.6088572914356549,1,0.02728986997916505
2023-12-13,0.5830158339726509,0,-0.0007240737167744093
2023-12-14,0.5776767797222718,1,0.0055255543382191075
2023-12-15,0.5742106378703924,1,0.009205687482819025
2023-12-18,0.6022774437676118,1,0.007798173036358547
2023-12-19,0.6052054366500506,1,0.0035150324867732063
2023-12-20,0.6235263546038619,1,0.018002147761663645
2023-12-21,0.6143177816449974,1,0.005518830214306103
2023-12-22,0.6153433413134057,0,-0.002110455764074981
2023-12-26,0.6194412608919619,0,-0.014422738077694341
2023-12-27,0.6176461508854306,0,-0.019366227209932974
2023-12-28,0.5933170801761549,0,-0.0183977171742572
2023-12-29,0.5903219964268932,0,-0.0014939600413778065
2024-01-02,0.599399061702189,1,0.00260066284662952
2024-01-03,0.612987912236431,1,0.01657326866984765
2024-01-04,0.6168666558528345,1,0.01940953954519764
2024-01-05,0.6377516194374875,1,0.018720826729771378
2024-01-08,0.6138004238891546,1,0.0006935154168048463
2024-01-09,0.6116862793801328,0,-0.0033549421620833186
2024-01-10,0.5965876512776664,0,-0.00014708578298661124
2024-01-11,0.5906958652518532,1,0.012761565168433853
2024-01-12,0.5906735149172962,1,0.014201899695886588
2024-01-16,0.6003570850043913,1,0.020910827385141273
2024-01-17,0.6156263607892472,1,0.02773649150052382
2024-01-18,0.6144288929458971,1,0.024217292583867067
2024-01-19,0.601345994193502,1,0.01032234697573342
2024-01-22,0.6175742541157494,1,0.01617576912651275
2024-01-23,0.5984473649833553,1,0.012437013524414064
2024-01-24,0.5890223931494104,0,-0.005171554982566162
2024-01-25,0.58600548931732,1,0.0024021448614082175
2024-01-26,0.597104802512511,1,0.014241528656048219
2024-01-29,0.5966133339218445,1,0.0026054859955126908
2024-01-30,0.609011796607522,1,0.006293186761336944
2024-01-31,0.6177900407111545,1,0.031518823566537346
2024-02-01,0.6153626481293656,1,0.01863949929188169
2024-02-02,0.5946104174080754,1,0.013854553898571265
2024-02-05,0.6108049602131552,1,0.017114395025316753
2024-02-06,0.6063990647260946,1,0.0002035939472959658
2024-02-07,0.5874194812389392,1,0.0009463265601641346
2024-02-08,0.5957046880535258,1,0.007406214452005289
2024-02-09,0.601638095059366,0,-0.0033707022532830644
2024-02-12,0.5958587536813524,0,-0.008425377114201993
2024-02-13,0.601742047608978,1,0.006334800693312159
2024-02-14,0.6395986787806055,1,0.01791022879858839
2024-02-15,0.6197701557680481,1,0.011633718965450957
2024-02-16,0.6083931850071805,1,0.012973199432180893
2024-02-20,0.6198281578897133,1,0.020474521368185616
2024-02-21,0.6101555305594248,1,0.0182003179130521
2024-02-22,0.5848385986952542,1,0.0011429806774212459
2024-02-23,0.5938446374100912,1,0.009845654069883691
2024-02-26,0.5933461804959934,1,0.012469759177650364
2024-02-27,0.5878188506835695,1,0.0004929760926635218
2024-02-28,0.6086611523410924,1,0.006892746062004518
2024-02-29,0.6148202168166312,1,0.01324623806838865
2024-03-01,0.5983656226065526,0,-0.0022046676359545048
2024-03-04,0.6090388164063624,0,-0.0019928771991052363
2024-03-05,0.6233485181260978,1,0.018926162129248247
2024-03-06,0.6199550969000902,1,0.012206423069641481
2024-03-07,0.5892505521710806,1,0.00027231449561626597
2024-03-08,0.5948766890867033,0,-0.0005975482654226871
2024-03-11,0.6057968286000488,1,0.00620913149649005
2024-03-12,0.5864838652293224,1,0.0010339980931974857
2024-03-13,0.6102377015378815,1,0.011870213226752746
2024-03-14,0.5975162587081336,1,0.017230052968504994
2024-03-15,0.5877999185326385,1,0.02232114480040681
2024-03-18,0.5942048685736081,1,0.013475087674954978
2024-03-19,0.6240106514051329,1,0.006009060720969517
2024-03-20,0.6101149890447229,1,0.005169874245776418
2024-03-21,0.5903297753750338,1,0.0016658941623888257
2024-03-22,0.5922191476218116,1,0.0018225589271385623
2024-03-25,0.6135137873461337,0,-0.0017905853012235573
2024-03-26,0.6026241738904451,1,0.0011575452233203443
2024-03-27,0.6029584601049108,0,-0.01930522110120869
2024-03-28,0.6059136546019702,0,-0.00887321925738338
2024-04-01,0.6216000470875513,0,-0.0065884534298942254
2024-04-02,0.6167658605256576,1,0.00092520119222117
2024-04-03,0.6197657337795223,0,-0.010185539030268087
2024-04-04,0.6128221647576307,1,0.009610696711361388
2024-04-05,0.6015380257016216,0,-0.0146196145844526
2024-04-08,0.6135706709574459,0,-0.027508678216797255
2024-04-09,0.6085043865563441,0,-0.030403962597139067
2024-04-10,0.6113942495492485,0,-0.026393649292833832
2024-04-11,0.5902229922759937,0,-0.035676022303379074
2024-04-12,0.603602090804972,0,-0.030711831747057494
2024-04-15,0.6188866855820367,0,-0.009377409096749445
2024-04-16,0.6293424841223904,1,0.00420752849936834
2024-04-17,0.6208775961198627,1,0.009709445009822737
2024-04-18,0.635291628941283,1,0.007947385067025525
2024-04-19,0.6083801978953507,1,0.026455242883059116
2024-04-22,0.5958350833754271,1,0.020691430181115855
2024-04-23,0.5808990775156068,0,-0.007258219573158975
2024-04-24,0.5901398728642656,0,-0.01001282410932558
2024-04-25,0.5719350498039589,1,0.0030573412395105137
2024-04-26,0.5715064224700263,1,0.005961655714382452
2024-04-29,0.594095705679427,1,0.012762805990656156
2024-04-30,0.6096763203521861,1,0.0302014235220065
2024-05-01,0.6150898063021348,1,0.0336556269139765
2024-05-02,0.6153965608152939,1,0.029976899198691065
2024-05-03,0.6128147477524025,1,0.01867624280502156
2024-05-06,0.6001381759675518,1,0.008402619986315862
2024-05-07,0.5694813145275349,1,0.011910496982230345
2024-05-08,0.5763267970736776,1,0.024343487549222775
2024-05-09,0.5787602261940006,1,0.01638134621412557
2024-05-10,0.58103454075687,1,0.016533312592967198
2024-05-13,0.5985489417613167,1,0.01756534756447259
2024-05-14,0.6136727194130626,1,0.015402806914329492
2024-05-15,0.6146751873863584,1,9.366821952005999e-05
2024-05-16,0.6178230094863626,0,-0.005164285974251448
2024-05-17,0.609731672000096,0,-1.9127846701771922e-05
2024-05-20,0.6039661153274463,0,-0.00047191440580807154
2024-05-21,0.6041851347839181,0,-0.009897404718658631
2024-05-22,0.614564568761624,0,-0.013628405189880177
2024-05-23,0.6148241880994603,1,0.002680268257883478
2024-05-24,0.6133068652492648,0,-0.003096857617236881
2024-05-28,0.6170119417993268,0,-0.0026799043492057306
2024-05-29,0.6291073092997979,1,0.016289052724787645
2024-05-30,0.622197953739317,1,0.023060138515857087
2024-05-31,0.5940211670002478,1,0.012591623891247572
2024-06-03,0.6107064282468228,1,0.014889603948047503
2024-06-04,0.6112063479828264,1,0.01619929813263421
2024-06-05,0.58876125334088,1,0.012510607024881049
2024-06-06,0.5977601206296761,1,0.014569782286690591
2024-06-07,0.609167074158455,1,0.016423288450597484
2024-06-10,0.6035813703002678,1,0.02135825413240733
2024-06-11,0.6039257339588138,1,0.021491768247256182
2024-06-12,0.6033673597175844,1,0.010419842972779314
2024-06-13,0.6147124335753494,1,0.007036521206644775
2024-06-14,0.607192067213419,1,0.003151354578699861
2024-06-17,0.5964018537354435,0,-0.0009384961108868106
2024-06-18,0.6036582216892531,0,-0.0022248974331513516
2024-06-20,0.5867502672806956,1,0.00206988356442106
2024-06-21,0.5970514884047647,0,-0.0005339236155528226
2024-06-24,0.6169893531929601,1,0.004791229966018662
2024-06-25,0.6181214450457648,1,0.007672511065943466
2024-06-26,0.6184854822633183,1,0.010906877032085927
2024-06-27,0.6143418856379701,1,0.015137322284732413
2024-06-28,0.6060835550203298,1,0.02032404959980716
2024-07-01,0.6143608684592339,1,0.01921791845990084
2024-07-02,0.604426444470471,1,0.022423050049644955
2024-07-03,0.605243855841571,1,0.00910327355401086
2024-07-05,0.5994218838115543,1,0.009646220319672327
2024-07-08,0.6038273731240221,1,0.011254890268910245
2024-07-09,0.6171012624559097,1,0.016262052607395328
2024-07-10,0.6059119017145519,0,-0.007803184936741814
2024-07-11,0.6109361504171612,0,-0.00686427457098282
2024-07-12,0.6067909389130236,0,-0.019643507385468495
2024-07-15,0.6182409375650573,0,-0.012251399068426316
2024-07-16,0.6165998276465462,0,-0.019613589939255993
2024-07-17,0.615069328503534,0,-0.02820835357321516
2024-07-18,0.6104906925818318,0,-0.02578377864965764
2024-07-19,0.6111903726251942,0,-0.008287348691989105
2024-07-22,0.613588026625753,0,-0.01783062273408953
2024-07-23,0.6250993183875146,0,-0.02127287243932574
2024-07-24,0.6020061221897618,1,0.017700171406296317
2024-07-25,0.6163229631691477,1,0.00854394780260992
2024-07-26,0.5960785022576757,0,-0.021198366874701002
2024-07-29,0.6066841710951434,0,-0.05026211384765322
2024-07-30,0.5983858774061843,0,-0.0366239784249307
2024-07-31,0.5731781028453812,0,-0.05836783391338307
2024-08-01,0.5848685992584503,0,-0.022761875902787998
2024-08-02,0.6091338746731684,1,0.00017048651167561601
2024-08-05,0.5950651884486818,1,0.030712528315581356
2024-08-06,0.6016791872043588,1,0.03809361781104781
2024-08-07,0.6390755564279245,1,0.048375324789069696
2024-08-08,0.6165194394385163,1,0.04224869833527678
2024-08-09,0.5838118381712021,1,0.040000681829803986
2024-08-12,0.5557374142800995,1,0.04939348966812296
2024-08-13,0.5420697162983208,1,0.03073622419714095
2024-08-14,0.5208633966369413,1,0.031025712429221253
2024-08-15,0.5367516533917923,1,0.005696482089209143
2024-08-16,0.5724699712826534,1,0.014108258621662984
2024-08-19,0.6012560664686952,1,0.0021087342002774623
2024-08-20,0.605722879189461,1,0.005118707765692232
2024-08-21,0.627328255667113,0,-0.00413964225136032
2024-08-22,0.6169971934460492,1,0.0038293802393090104
2024-08-23,0.6029640748978411,1,0.002756537573313178
2024-08-26,0.6186406561140029,0,-0.015532914514067686
2024-08-27,0.6022879318763856,0,-0.018892921535953122
2024-08-28,0.5966257982201626,0,-0.01556423047645561
2024-08-29,0.5801499300808445,0,-0.03222126400934344
2024-08-30,0.5832489294039069,0,-0.03063791988796427
2024-09-03,0.6106894489115596,0,-0.005959030976355639
2024-09-04,0.6204075361690354,1,0.0062955423675710165
2024-09-05,0.6241024498165165,1,0.017248441101652023
2024-09-06,0.628864200006834,1,0.040067925670336235
2024-09-09,0.6244643279104333,1,0.030067339756320477
2024-09-10,0.6133900999128101,1,0.02602263989905107
2024-09-11,0.5794856726688994,1,0.012592426700460013
2024-09-12,0.588426362544406,1,0.021265839240510953
2024-09-13,0.5699472842680436,1,0.01420234616220517
2024-09-16,0.5660519155591485,1,0.015241408996341299
2024-09-17,0.5865068949300879,1,0.017727133378392157
2024-09-18,0.5969688623181966,1,0.018502701682145517
2024-09-19,0.5838779211790591,1,0.005386970849893258
2024-09-20,0.6179104165650109,1,0.005667267633171935
2024-09-23,0.611946185271138,1,0.007177709704659252
2024-09-24,0.6065529786570425,0,-0.004691047902240175
2024-09-25,0.5976400936888078,0,-0.002070883170763982
2024-09-26,0.5973859243227343,0,-0.007828779733800362
2024-09-27,0.5958357443634771,1,0.002641561268372117
2024-09-30,0.581276156688736,0,-0.010387268667528482
2024-10-01,0.6033825865036784,1,0.008001571642472394
2024-10-02,0.6225558444884691,1,0.014554570350923335
2024-10-03,0.60944737764895,1,0.014634388420099231
2024-10-04,0.6176348224289077,1,0.011518479097069267
2024-10-07,0.620747645856018,1,0.029094344371400904
2024-10-08,0.6094563193373962,1,0.011532214877048697
2024-10-09,0.6048284419347975,1,0.008941914176456178
2024-10-10,0.5966606796696371,1,0.010796959173834386
2024-10-11,0.600963282247906,1,0.0086455381452466
2024-10-14,0.5872728449882256,0,-0.0011797855373795185
2024-10-15,0.607934734348571,1,0.006106546919561362
2024-10-16,0.6228237626832912,0,-0.0074005326586092934
2024-10-17,0.6170602051342299,0,-0.005341679094869711
2024-10-18,0.6079581606909943,0,-0.009494166639409274
2024-10-21,0.6279034740835195,0,-0.004798863309129264
2024-10-22,0.6125645760570646,0,-0.0026569085661146685
2024-10-23,0.610274592727462,1,0.0034945370652503804
2024-10-24,0.6161593754819066,0,-0.018298509640944816
2024-10-25,0.6081369053484906,0,-0.013815505902309622
2024-10-28,0.6006883188817478,0,-0.01897266896071348
2024-10-29,0.608956710022404,0,-0.008715041663711509
2024-10-30,0.6022400707462001,1,0.01901681669593236
2024-10-31,0.6114143668655344,1,0.04742900427230934
2024-11-01,0.6055353586939025,1,0.04754334979970709
2024-11-04,0.619994168756407,1,0.05080749422461461
2024-11-05,0.6062041893622555,1,0.035025294785906214
2024-11-06,0.5762998928520746,1,0.010403683346614567
2024-11-07,0.565882784980776,0,-0.003794989464933507
2024-11-08,0.5660974789172983,0,-0.020794217996083497
2024-11-11,0.5623382498057466,0,-0.01772042967377807
2024-11-12,0.5765918952272505,0,-0.011056896313356268
2024-11-13,0.5966625984274733,0,-0.01120151263393121
2024-11-14,0.6384817637253284,1,0.0005393606032697562
2024-11-15,0.6294036526728689,1,0.016660481482245082
2024-11-18,0.6474162788958807,1,0.01594743506382401
2024-11-19,0.6237297116841046,1,0.01753455765519396
2024-11-20,0.5997073698786288,1,0.014108103041303499
2024-11-21,0.5835161492408423,1,0.0149566455615735
2024-11-22,0.5723717382333574,1,0.013636217686017194
2024-11-25,0.5705435707458824,1,0.010678074578098107
2024-11-26,0.5732155424041618,1,0.011669774697113722
2024-11-27,0.5854109368780492,1,0.01307322451023718
2024-11-29,0.6108539533209486,1,0.008731844844403591
2024-12-02,0.6299656154362823,1,0.0017389071727003103
2024-12-03,0.6354400416036626,0,-0.0018380882548995059
2024-12-04,0.621482950692294,0,-0.00032791989480085437
2024-12-05,0.6196468550511302,0,-0.003840334963471248
2024-12-06,0.6126047372978903,0,-0.005924272629131866
2024-12-09,0.6114228239358956,1,0.0034900847972438864
2024-12-10,0.6091592227123995,1,0.0024708795162418085
2024-12-11,0.6068718902130072,0,-0.0348669997746881
2024-12-12,0.6131127416446412,0,-0.030165013313971478
2024-12-13,0.609874649373699,0,-0.018321790605252075
2024-12-16,0.6066941060618174,0,-0.016643391901708604
2024-12-17,0.6022307948966061,0,-0.0015987822608447555
2024-12-18,0.5952052414095766,1,0.029138529461241847
2024-12-19,0.6057492869317515,1,0.018618331922463316
2024-12-20,0.5756750730028892,0,-0.004957769037867044
2024-12-23,0.6079416454477516,0,-0.014477818612362525
2024-12-24,0.6078640457858606,0,-0.027706560666692304
2024-12-26,0.5707903415665753,0,-0.015615383204039213
2024-12-27,0.5785669715273305,1,0.0005883086715687824
2024-12-30,0.5967775231828569,1,0.0006974095243292844
2024-12-31,0.5961094974554189,1,0.005818699589097198
2025-01-02,0.6110646967343365,0,-0.007099146146680058
2025-01-03,0.6360479049786343,0,-0.01783877663404909
2025-01-06,0.6200815874848336,0,-0.022121888556627334
2025-01-07,0.5990953661037961,1,0.007051025363584484
2025-01-08,0.5930934519607683,1,0.003646275541369093
2025-01-10,0.5807938674213929,1,0.029441087587192438
2025-01-13,0.5899846952182014,1,0.03725543304804457
2025-01-14,0.6048439889462013,1,0.04165431979656953
2025-01-15,0.5893462803118193,1,0.028627604259199968
2025-01-16,0.5972283139074361,1,0.027601183997721712
2025-01-17,0.5758544272544869,1,0.002996032145662575
2025-01-21,0.5782295263312173,1,0.002436622857352022
2025-01-22,0.5676907438624413,0,-0.007634522065025684
2025-01-23,0.5895321266092618,0,-0.00772467520504283
2025-01-24,0.5905119230102089,0,-0.01011470814835358
2025-01-27,0.6107913647305331,0,-0.0026691299640378974
2025-01-28,0.6178701621849644,0,-0.004531223297555842
2025-01-29,0.6327876610207317,1,0.00400329330040039
2025-01-30,0.6169495053761344,1,0.002115293438943233
2025-01-31,0.6155740693704859,0,-0.001744953467907373
2025-02-03,0.6030525087297093,1,0.011842719026541326
2025-02-04,0.6002959104165432,1,0.005865234609384373
2025-02-05,0.5859132928204156,0,-0.0014226238695368432
2025-02-06,0.5864723464327266,1,0.005624464435188159
2025-02-07,0.5893213762851797,1,0.014863874424218881
2025-02-10,0.6187246336530495,1,0.010979444013292872
2025-02-11,0.6131862555505692,1,0.012588339588563313
2025-02-12,0.6203108323253527,1,0.011634923722178003
2025-02-13,0.60298205802,0,-0.01605686442880605
2025-02-14,0.6132799369712533,0,-0.02051912244683085
2025-02-18,0.6212329533208725,0,-0.02821094484275599
2025-02-19,0.6064921369257834,0,-0.030003665569177884
2025-02-20,0.597831035861573,0,-0.04149864431846173
2025-02-21,0.5927301664274532,0,-0.009601415050966122
2025-02-24,0.6203780140755825,0,-0.02247064573504498
2025-02-25,0.6213942365403421,0,-0.029247642870886992
2025-02-26,0.6233951403531884,0,-0.019308080714356746
2025-02-27,0.623893812303257,0,-0.02109220704410797
2025-02-28,0.5755252878429504,0,-0.030731028801582738
2025-03-03,0.593745642985748,0,-0.0397254389883509
2025-03-04,0.5841059801751343,0,-0.036299619216524914
2025-03-05,0.5821679859538297,0,-0.04148890784982939
2025-03-06,0.5827811553133094,0,-0.037173835756305285
2025-03-07,0.6032858545720355,0,-0.02276238128991459
2025-03-10,0.6117122665746907,1,0.011719469886330103
2025-03-11,0.611947747932633,1,0.009174510557452775
2025-03-12,0.6128296818568987,1,0.014781207263538265
2025-03-13,0.6235719060679819,1,0.02551444521042545
2025-03-14,0.5811671701609746,1,0.0050915752874145515
2025-03-17,0.5734501611969955,1,0.01526397606150165
2025-03-18,0.5781787427938626,1,0.028823359042296604
2025-03-19,0.5492533609192056,1,0.005588667032170314
2025-03-20,0.5604714430824205,1,0.0058283699365371255
2025-03-21,0.5650164338184986,0,-0.014752296180715718
2025-03-24,0.5927316869357044,0,-0.02558876811594213
2025-03-25,0.598404461309645,0,-0.02517985611510798
2025-03-26,0.6018198670265952,0,-0.007158057651383332
2025-03-27,0.6269522963200471,0,-0.05357268815687377
2025-03-28,0.5978159070300735,0,-0.09066695461253282
2025-03-31,0.5927864683089012,0,-0.09833926241084034
2025-04-01,0.6196273743434887,0,-0.11496158439845272
2025-04-02,0.5781159742959324,0,-0.028165521150712025
2025-04-03,0.6092140419240298,0,-0.022582448295137003
2025-04-04,0.6074130676466228,1,0.05672102596580131
2025-04-07,0.5934460604531689,1,0.06887664062809784
2025-04-08,0.6232068729310426,1,0.08284321624234603
2025-04-09,0.5167919031993498,0,-0.04185046115708513
2025-04-10,0.5454415832468026,1,0.0034885050897859315
2025-04-11,0.5073397024716222,0,-0.03756976439300308
2025-04-14,0.4853111146104477,0,-0.022017361626354037
2025-04-15,0.4758570279563304,0,-0.004073584940756381
2025-04-16,0.5472611663773733,1,0.04000684853327252
2025-04-17,0.5718578826198355,1,0.046028760851807515
2025-04-21,0.670495449302879,1,0.07194286603876399
2025-04-22,0.6424224207840182,1,0.05134186818397346
2025-04-23,0.6378221173621407,1,0.03571028351574457
2025-04-24,0.47582115322317053,1,0.021547860762040516
2025-04-25,0.5280447209537577,1,0.029275025424960077
2025-04-28,0.4970722642218547,1,0.022982663156939198
2025-04-29,0.49302474938120194,1,0.008081974310867102
2025-04-30,0.4969183912954372,1,0.011919789374977396
2025-05-01,0.5374894893737157,1,0.011800096692749618
2025-05-02,0.5615305745687591,0,-0.004269884960124148
2025-05-05,0.6502987379515454,1,0.03456904047842979
2025-05-06,0.6356306574567063,1,0.05017895490336444
2025-05-07,0.6307284599161534,1,0.04711752650806389
2025-05-08,0.5661174684036976,1,0.04495097865713382
2025-05-09,0.611389496860701,1,0.05291136548888975
2025-05-12,0.5612376313409074,1,0.020343402116674403
2025-05-13,0.5475235003828635,1,0.010241292345443354
2025-05-14,0.5608804837704657,0,-0.0080498306642387
2025-05-15,0.5769926388579997,0,-0.012481793855637968
2025-05-16,0.5605916414979447,0,-0.025395489734096333
2025-05-19,0.6248384662958055,0,-0.0062200554761705495
2025-05-20,0.6437442430072275,0,-0.00863624862950152
2025-05-21,0.6416014109308416,1,0.012335723844490776
2025-05-22,0.6400687108505883,1,0.010804507022929455
2025-05-23,0.6509662599354603,1,0.02348431213413682
2025-05-27,0.6005122674055956,1,0.008356593081282337
2025-05-28,0.598958039313297,1,0.013951984754904334
2025-05-29,0.5867614403641487,1,0.005084314888568864
2025-05-30,0.5777533575724515,1,0.016542527019460795
2025-06-02,0.5656104926056572,1,0.011759545140118899
2025-06-03,0.5823835619109264,1,0.011726417151772361
2025-06-04,0.5959056860642052,1,0.0091118084338766
2025-06-05,0.617847723870327,1,0.01804232358148572
2025-06-06,0.6168892408314735,0,-0.003571786226925222
2025-06-09,0.6390107561001106,1,0.005002668089647777
2025-06-10,0.5991318423112296,0,-0.00920275916959623
2025-06-11,0.6061006760940931,0,-0.006518557935346503
2025-06-12,0.5987010343056905,0,-0.0156853002070394
2025-06-13,0.6086641354843362,1,0.0052763819095476006
2025-06-16,0.5944002099098106,1,0.0068029468374593005
2025-06-17,0.598147300550406,1,0.01604940337723626
2025-06-18,0.6008765791923409,1,0.024153053026245264
2025-06-20,0.6210418268374194,1,0.034714276098808616
2025-06-23,0.5960260466118713,1,0.02949262684328935
2025-06-24,0.6047976746156447,1,0.01791423580210294
2025-06-25,0.5865811075216547,1,0.021956120701014603
2025-06-26,0.5855052036960787,1,0.022014480200042597
2025-06-27,0.5720351721423014,1,0.00938348701435987
2025-06-30,0.593146554258798,1,0.0040301043942705395
2025-07-01,0.596611201584881,1,0.010378045818829396
2025-07-02,0.606126413632338,1,0.008655008461600389
2025-07-03,0.6136456875941507,0,-0.0027505037259730747
2025-07-07,0.630616536067382,1,0.0066539923954371805
2025-07-08,0.6247111382157862,1,0.0029016345874841587
2025-07-09,0.6068207686235134,1,0.0002563856039483614
2025-07-10,0.609897528274103,1,0.0035473458822024018
2025-07-11,0.6118349813712867,1,0.006350020846028093
2025-07-14,0.6031225531114047,1,0.0063379267297258846
2025-07-15,0.6047545776650413,1,0.010801427331468938
2025-07-16,0.6014607335257312,1,0.016003972958251955
2025-07-17,0.6075034067096123,1,0.010158588624928244
2025-07-18,0.6014536122544897,1,0.015169380796073773
2025-07-21,0.6193143898256172,1,0.012993622469265498
2025-07-22,0.6174175842801106,1,0.010177145946633548
2025-07-23,0.6006986003378334,1,0.0003941911984988167
2025-07-24,0.6051018462974517,0,-0.003688408309952318
2025-07-25,0.6094564728096004,0,-0.024140637262596076
2025-07-28,0.6098215138589896,0,-0.009058938047539988
2025-07-29,0.6158430698012342,0,-0.011475616283096679
2025-07-30,0.6154980007443189,0,-0.0026479210667340602
2025-07-31,0.6047283319232242,1,0.0002689532970510111
2025-08-01,0.6087676483859837,1,0.02486649938879215
2025-08-04,0.6156573141475952,1,0.0075257062281159914
2025-08-05,0.6209344451937843,1,0.023440610220233582
2025-08-06,0.6020523317915167,1,0.019137773001675074
2025-08-07,0.596875730038526,1,0.02008699090549637
2025-08-08,0.5789589826825925,1,0.009824539376628527
2025-08-11,0.5943274405872975,1,0.01160523336268704
2025-08-12,0.5873858712375504,0,-0.004481165102926954
2025-08-13,0.5938788182051009,0,-0.010513420893485614
2025-08-14,0.5978043983603478,0,-0.014574773238235639
2025-08-15,0.6265988548294703,1,0.002906253885365917
2025-08-18,0.6143843895580188,0,-0.0012902222913103722
2025-08-19,0.6270250047908867,1,0.00836185742642348
2025-08-20,0.6139205382853551,1,0.01335192991803913
2025-08-21,0.6277133344114856,1,0.021036897175674696
2025-08-22,0.5929925610489878,0,-0.0004029071299065379
2025-08-25,0.6093702309647723,0,-0.0034242844023846253
2025-08-26,0.5909815312423949,0,-0.002201004402008766
2025-08-27,0.585750387000184,1,0.0038507338044941886
2025-08-28,0.5795779015256922,0,-0.0025889169697342895
2025-08-29,0.6072996634208742,1,0.005860010851872044
2025-09-02,0.6036421454052755,1,0.015712121448763883
2025-09-03,0.6169484717823418,1,0.013157485941529323
2025-09-04,0.6148674521413915,1,0.01311005669213694
2025-09-05,0.6216051524619671,1,0.015712873122798232
2025-09-08,0.6010522593261093,1,0.018618128015042368
2025-09-09,0.6016483364787253,1,0.014869374010117786
2025-09-10,0.5909445947031353,1,0.010686742000275862
2025-09-11,0.5888603669389144,1,0.00704043307026736
2025-09-12,0.5837748983702942,1,0.009567849591579192
2025-09-15,0.5947701947467963,1,0.008972477341846918
2025-09-16,0.6108641519436018,1,0.004863636363636514
2025-09-17,0.6017320807192915,1,0.0029127097302710236
2025-09-18,0.6011532083168855,0,-0.0063570199015492435
2025-09-19,0.6079123209939783,0,-0.002832605092662366
2025-09-22,0.6089710249443735,0,-0.004738767920340781
2025-09-23,0.6122093152963626,1,0.004478219568462283
2025-09-24,0.6146825274837413,1,0.011117833913175001
2025-09-25,0.606875193338842,1,0.016974394043006047
2025-09-26,0.6091949947994488,1,0.011166178114895287
2025-09-29,0.6082832155823047,1,0.011948529411764719
2025-09-30,0.6077818901380472,1,0.004413221651805799
2025-10-01,0.6087225351437751,1,0.006971351634377898
2025-10-02,0.6018029294881357,1,0.0028988972236334565
2025-10-03,0.6042669626854695,0,-0.0241927048310695
2025-10-06,0.6033182914887623,0,-0.012760381769181595
2025-10-07,0.6129350354172809,0,-0.010297106647537024
2025-10-08,0.6182530506525838,0,-0.011795991739834588
2025-10-09,0.6240441357850626,0,-0.015674354848322247
2025-10-10,0.6127394094625911,1,0.017411411595356974
2025-10-13,0.6155788620970281,1,0.012457770270270174
2025-10-14,0.6085199038790633,1,0.013681047370248889
2025-10-15,0.6073473653200497,1,0.003953876452636118
2025-10-16,0.6004984427076321,1,0.01683216275127153
2025-10-17,0.5782910343320191,1,0.019356101085205912
2025-10-20,0.5820008547209853,1,0.020765678534187426
2025-10-21,0.5907641344151389,1,0.023492082408496984
2025-10-22,0.5876712286417172,1,0.029335130278526522
2025-10-23,0.5888342554202904,1,0.012013219006788312
2025-10-24,0.6174810970315732,1,0.007102251753414501
2025-10-27,0.5987231337476815,0,-0.0027727511528806703
2025-10-28,0.5992733441841516,0,-0.01720373766483263
2025-10-29,0.5843397576671918,0,-0.01427137432898351
2025-10-30,0.6105101958690659,0,-0.014003500875218955
2025-10-31,0.6054078320728783,0,-0.016259566607043197
2025-11-03,0.6063174388581951,0,-0.002780460678432406
2025-11-04,0.6157138318702894,1,0.011492210177122208
2025-11-05,0.6185133335848756,1,0.008559874848726334
2025-11-06,0.6115726049878147,1,0.00258089540660289
2025-11-07,0.6174169759517704,1,0.0014307644156965615
2025-11-10,0.5915750796625581,0,-0.023142169523362455
2025-11-11,0.5854121936769487,0,-0.03355783308931182
2025-11-12,0.5861396044171341,0,-0.030363780034534216
2025-11-13,0.6003868222125076,0,-0.029031010058925055
2025-11-14,0.5973465799826932,0,-0.019198428407721013
2025-11-17,0.6106434791170439,1,0.004596872324124757
2025-11-18,0.6269172685258385,1,0.022633620167252344
2025-11-19,0.6266685772976488,1,0.025730799993963327
2025-11-20,0.6205398783349655,1,0.04729284477342044
2025-11-21,0.6146259011748378,1,0.0322291853178156
2025-11-24,0.5775451289875279,1,0.019140759349812297
2025-11-25,0.5560591400832137,1,0.013140351396995653
2025-11-26,0.5517979790566021,1,0.006929731638418035
2025-11-28,0.5681026413341792,1,0.003365574562109508
2025-12-01,0.5751482216209691,1,0.004939215311567491
2025-12-02,0.5945846175322167,1,0.0022156031282556388
2025-12-03,0.6177057904830813,1,0.005380982321718575
2025-12-04,0.6150883325633099,1,0.006984321804818894
2025-12-05,0.6406039844683792,0,-0.005731452988960162
2025-12-08,0.6339454966033883,0,-0.004242060763863464
2025-12-09,0.6104416513484436,0,-0.0061050597329584955
2025-12-10,0.5878149452765906,0,-0.023517605480169346
2025-12-11,0.5780263415205464,0,-0.018427964072725067
2025-12-12,0.5867754514629454,0,-0.0017161464444965802
2025-12-15,0.598434961822915,1,0.006022945955077574
2025-12-16,0.5980738335246956,1,0.013389897918600013
2025-12-17,0.6163131248772611,1,0.02826928805481077
2025-12-18,0.6109142727756873,1,0.020459148225346224
2025-12-19,0.6090324950152093,1,0.010667215210332204
2025-12-22,0.6127153668056557,1,0.0031832717608748506
2025-12-23,0.605245985114283,0,-0.008779580208151727
2025-12-24,0.5898193685441684,0,-0.010443523856426995
2025-12-26,0.5900038106238802,0,-0.0037519375353101125
2025-12-29,0.6039076242977997,1,0.005757069128443648
2025-12-30,0.6184759078108056,1,0.0037408480225906704
2025-12-31,0.623447428436116,1,0.01113033786954487
2026-01-02,0.6327859748541054,1,0.015955033154266385
2026-01-05,0.6219567259369813,1,0.010818356307799704
2026-01-06,0.6068752322771981,1,0.0028331478296064194
2026-01-07,0.602047338406613,1,0.001131123292438918
2026-01-08,0.5954865697289322,1,0.003959333439689017
2026-01-09,0.5796412386249409,0,-0.003472272249196884
2026-01-12,0.5867308085642133,0,-0.025289142068013026
2026-01-13,0.6011245825178242,0,-0.012064517058967716
2026-01-14,0.6025495065768706,0,-0.001998957065878715
2026-01-15,0.6164517499942899,0,-0.00434820293539806
2026-01-16,0.6279824242323135,1,0.0015470028626782817
2026-01-20,0.6237173042666561,1,0.026432303196670448
2026-01-21,0.5982974157780907,1,0.014619200466880589
2026-01-22,0.6056473458815786,1,0.007344189961972614
2026-01-23,0.6091673770911291,1,0.003975450865458585
2026-01-26,0.595196238526309,1,0.003868751172895646
2026-01-27,0.5768420860328134,0,-0.008569497764166378
2026-01-28,0.5892439604036838,0,-0.013272554715135998
2026-01-29,0.5938057292833411,0,-0.023658578756267645
2026-01-30,0.598109287452148,0,-0.0019509516308511277
2026-02-02,0.6044923583867547,0,-0.002099480881781912
2026-02-03,0.6305999054769624,1,0.0037561817469871084
2026-02-04,0.618251570431661,1,0.008408749763185064
2026-02-05,0.619268259912621,1,0.00538649980815209
2026-02-06,0.6042840917324508,0,-0.01284353189887344
2026-02-09,0.5973901123179506,0,-0.015995388716766423
2026-02-10,0.5896768593135916,0,-0.008423394787031246
2026-02-11,0.5846286864354993,0,-0.010809873403086923
2026-02-12,0.5831833562134263,1,0.01197763001453156
2026-02-13,0.6023535503293788,1,0.0009387605427209067
2026-02-17,0.6006901242737865,1,0.0065900270923335835
2026-02-18,0.6190891365624864,1,0.00999577438109256
2026-02-19,0.6250014428796291,1,0.007041841982234676
2026-02-20,0.6113665723375497,0,-0.004989629113905658
2026-02-23,0.5983189482160705,1,0.005847096235290783
2026-02-24,0.5875239669327101,0,-0.010213137411798856
2026-02-25,0.5881366529306711,0,-0.011570367164394413
2026-02-26,0.587422427524364,0,-0.011591469606847538
2026-02-27,0.61319669424713,0,-0.01983993935771655
2026-03-02,0.6041133554456883,0,
2026-03-03,0.6067274692823974,0,
2026-03-04,0.609089621052559,0,
2026-03-05,0.608698683347169,0,
2026-03-06,0.6146969494336011,0,
